시장,종목명,코드,최종확률,예측시점가격,목표가,손절가
KOSPI,삼성전자우,005935,31.349101778668842,222000,230880,215340
KOSPI,NAVER,035420,35.139480801056756,196000,203840,190120
KOSPI,SK하이닉스,000660,36.199382451557064,1863000,1937520,1807110
KOSPI,현대차,005380,41.0379907029602,357000,371280,346290
KOSPI,대덕전자,353200,46.0947750227813,119200,123968,115624
KOSPI,두산에너빌리티,034020,48.13391471041697,82700,86008,80219
KOSPI,삼성전자,005930,31.93717444977381,286500,297960,277905
KOSPI,삼성SDI,006400,43.428534639870755,521000,541840,505370
KOSPI,SK스퀘어,402340,42.794434956153225,1181000,1228240,1145570
KOSPI,삼성전기,009150,47.19611414174905,1501000,1561040,1455970
KOSPI,한화에어로스페이스,012450,43.47504049305611,1031000,1072240,1000070
KOSPI,SK이노베이션,096770,46.0904332359927,148700,154648,144239
KOSPI,한화솔루션,009830,42.88569447333305,29400,30576,28518
KOSPI,현대건설,000720,53.57167320244989,122300,127192,118631
KOSPI,대우건설,047040,50.76090453227848,17700,18408,17169
KOSPI,KB금융,105560,41.563536504122325,174100,181064,168877
KOSPI,두산,000150,50.88249508206359,1515000,1575600,1469550
KOSPI,대한항공,003490,45.599001231779646,31500,32760,30555
KOSPI,삼성E&A,028050,45.147260233388636,49600,51584,48112
KOSPI,LG전자,066570,42.152693920659466,210500,218920,204185
KOSPI,이수페타시스,007660,45.82143971378132,119200,123968,115624
KOSPI,후성,093370,44.40101008081204,13940,14497,13521
KOSPI,포스코퓨처엠,003670,48.22330095007216,180600,187824,175182
KOSPI,신한지주,055550,38.72702492852436,110100,114504,106797
KOSPI,삼성물산,028260,47.25117616569376,368500,383240,357445
KOSPI,삼화콘덴서,001820,44.329325446489754,146900,152776,142493
KOSPI,한미반도체,042700,38.49216248217455,243000,252720,235710
KOSPI,OCI홀딩스,010060,41.46739222206895,206500,214760,200305
KOSPI,대한전선,001440,46.637427314134484,31350,32604,30409
KOSPI,기아,000270,33.28533687485117,116200,120848,112714
KOSPI,HD현대중공업,329180,42.61340042505465,444000,461760,430680
KOSPI,GS건설,006360,38.14216149524407,34750,36140,33707
KOSPI,일진전기,103590,39.17500345701176,81800,85072,79346
KOSPI,하나금융지주,086790,29.799778672454476,133700,139048,129689
KOSPI,효성중공업,298040,46.148894958679875,2892000,3007680,2805240
KOSPI,LG에너지솔루션,373220,40.56239311110832,352000,366080,341440
KOSPI,한화시스템,272210,48.195454381906266,74400,77376,72168
KOSPI,SK,034730,39.93812882591977,607000,631280,588790
KOSPI,삼양식품,003230,35.79958151899744,1218000,1266720,1181460
KOSPI,한화오션,042660,39.045922913455975,80700,83928,78279
KOSPI,에이피알,278470,40.825106268528295,369000,383760,357930
KOSPI,현대모비스,012330,41.02118127533762,369000,383760,357930
KOSPI,LS ELECTRIC,010120,41.35635748887264,207000,215280,200790
KOSPI,한전기술,052690,44.39400233045618,131000,136240,127070
KOSPI,POSCO홀딩스,005490,39.39003566563129,311500,323960,302155
KOSPI,한미약품,128940,47.62114120223516,519000,539760,503430
KOSPI,삼성생명,032830,51.29104254474481,295000,306800,286150
KOSPI,LG이노텍,011070,42.27128784585054,536000,557440,519920
KOSPI,HD건설기계,267270,37.731008024432235,130900,136136,126973
KOSPI,S-Oil,010950,43.80242462839167,156500,162760,151805
KOSPI,DB하이텍,000990,42.413288456920085,131700,136968,127749
KOSPI,삼성바이오로직스,207940,32.22859350520835,1373000,1427920,1331810
KOSPI,HD현대일렉트릭,267260,41.54860084536961,713000,741520,691610
KOSPI,셀트리온,068270,35.43656447576256,178100,185224,172757
KOSPI,우리금융지주,316140,42.67707645389803,35500,36920,34435
KOSPI,가온전선,000500,42.34367461594104,318000,330720,308460
KOSPI,SK텔레콤,017670,37.590212696891825,87000,90480,84390
KOSPI,삼성중공업,010140,40.87807513940328,20450,21268,19836
KOSPI,KT&G,033780,33.50243816911721,174500,181480,169265
KOSPI,카카오,035720,42.78275021747689,33800,35152,32786
KOSPI,LIG디펜스앤에어로스페이스,079550,31.64875015160656,699000,726960,678030
KOSPI,한국전력,015760,36.9429990531532,30450,31668,29536
KOSPI,코리아써키트,007810,34.16896303952573,65100,67704,63147
KOSPI,현대글로비스,086280,38.7467823972117,198000,205920,192060
KOSPI,삼성증권,016360,35.743119165897994,91300,94952,88561
KOSPI,LS에코에너지,229640,44.60191849893984,64000,66560,62080
KOSPI,한국콜마,161890,42.22741624666374,146700,152568,142299
KOSPI,현대제철,004020,47.050283188525064,32000,33280,31040
KOSPI,삼성화재,000810,29.080374257542303,648000,673920,628560
KOSPI,엘앤에프,066970,44.491711089018516,109500,113880,106215
KOSPI,HD현대에너지솔루션,322000,33.065384566352286,120200,125008,116594
KOSPI,하이브,352820,33.44726705678309,157700,164008,152969
KOSPI,HD한국조선해양,009540,45.44365726265601,335000,348400,324950
KOSPI,LG씨엔에스,064400,44.03874760000639,70000,72800,67900
KOSPI,GS,078930,33.88518773267462,110600,115024,107282
KOSPI,LG화학,051910,37.07581184433694,253000,263120,245410
KOSPI,한화엔진,082740,40.996556350469035,48100,50024,46657
KOSPI,LG디스플레이,034220,46.06345717625601,8500,8840,8245
KOSPI,HD현대,267250,43.52386811222731,207000,215280,200790
KOSPI,한국금융지주,071050,39.85289452307943,186600,194064,181002
KOSPI,기업은행,024110,42.14978477835618,20450,21268,19836
KOSPI,달바글로벌,483650,36.04010291482623,183100,190424,177607
KOSPI,광전자,017900,47.659287051429985,9880,10275,9583
KOSPI,미래에셋증권,006800,40.82363501432993,32350,33644,31379
KOSPI,SK이터닉스,475150,44.17983049392529,50800,52832,49276
KOSPI,디아이,003160,42.0818308986136,36750,38220,35647
KOSPI,DL이앤씨,375500,44.91988313969365,81100,84344,78667
KOSPI,DB손해보험,005830,30.28739288070046,184000,191360,178480
KOSPI,케이씨텍,281820,37.7341911850553,87400,90896,84778
KOSPI,현대로템,064350,42.420766652434786,116700,121368,113199
KOSPI,산일전기,062040,40.25147394956456,205000,213200,198850
KOSPI,코웨이,021240,40.19565237689632,99700,103688,96709
KOSPI,두산퓨얼셀,336260,42.71757110443096,47300,49192,45881
KOSPI,두산로보틱스,454910,46.86972659429276,71400,74256,69258
KOSPI,대원전선,006340,45.767709064484116,13530,14071,13124
KOSPI,LS,006260,37.13638520595105,322500,335400,312825
KOSPI,한국항공우주,047810,38.36922778977787,128400,133536,124548
KOSPI,포스코인터내셔널,047050,42.247621358933436,55500,57720,53835
KOSPI,신세계,004170,46.90634579508293,349000,362960,338530
KOSPI,삼성에스디에스,018260,41.00499274119682,221000,229840,214370
KOSPI,아모레퍼시픽,090430,36.755897248814165,142200,147888,137934
KOSPI,NC,036570,46.58395382984396,213500,222040,207095
KOSPI,현대차2우B,005387,44.04935491708709,177600,184704,172272
KOSPI,카카오뱅크,323410,39.4946922967204,20000,20800,19400
KOSPI,메리츠금융지주,138040,45.60528768465249,125500,130520,121735
KOSPI,한국화장품제조,003350,44.94424030979947,15650,16276,15180
KOSPI,코스맥스,192820,38.33061053183122,270500,281320,262385
KOSPI,LG,003550,40.72855369797935,113400,117936,109998
KOSPI,BNK금융지주,138930,45.55444799738411,15890,16525,15413
KOSPI,현대오토에버,307950,36.67142857983857,380500,395720,369085
KOSPI,현대해상,001450,30.391198155741357,47350,49244,45929
KOSPI,한국타이어앤테크놀로지,161390,31.193916249483532,57300,59592,55581
KOSPI,HD현대마린솔루션,443060,45.92312231530872,240000,249600,232800
KOSPI,키움증권,039490,38.87839943464267,265000,275600,257050
KOSPI,KTis,058860,37.14795474095328,2590,2693,2512
KOSPI,유한양행,000100,31.061891758687167,74000,76960,71780
KOSPI,금호전기,001210,34.292035615666,9960,10358,9661
KOSPI,삼성전기우,009155,44.61525859753087,518000,538720,502460
KOSPI,팬오션,028670,37.36329449585266,5610,5834,5441
KOSPI,LG유플러스,032640,36.811928056758966,14630,15215,14191
KOSPI,HL만도,204320,38.08158405717218,45500,47320,44135
KOSPI,크래프톤,259960,33.16374310080549,198500,206440,192545
KOSPI,한솔케미칼,014680,33.60109022151897,238000,247520,230860
KOSPI,비에이치,090460,41.63939967037999,20450,21268,19836
KOSPI,HMM,011200,36.26524360563641,20850,21684,20224
KOSPI,해성디에스,195870,43.29101649395223,61300,63752,59461
KOSPI,DB,012030,44.580192315543094,1698,1765,1647
KOSPI,한화생명,088350,37.32121669731315,5680,5907,5509
KOSPI,한온시스템,018880,39.47941917010886,3245,3374,3147
KOSPI,현대약품,004310,45.073893646668886,8850,9204,8584
KOSPI,CJ,001040,39.152037928380054,130000,135200,126100
KOSPI,CJ제일제당,097950,34.62282564884045,176300,183352,171011
KOSPI,롯데쇼핑,023530,46.39622150515883,104700,108888,101559
KOSPI,SGC에너지,005090,46.76820499840428,49600,51584,48112
KOSPI,현대백화점,069960,38.9098221160135,96900,100776,93993
KOSPI,티엠씨,217590,49.4323582096885,14310,14882,13880
KOSPI,SK아이이테크놀로지,361610,50.63402429650725,17190,17877,16674
KOSPI,KSS해운,044450,39.06412260092237,11730,12199,11378
KOSPI,금호타이어,073240,28.491454240349274,6540,6801,6343
KOSPI,파미셀,005690,42.54854216873848,12520,13020,12144
KOSPI,NH투자증권,005940,42.17851533562527,26100,27144,25317
KOSPI,계양전기,012200,54.35651913291964,3300,3432,3201
KOSPI,무림P&P,009580,45.82279780463535,1792,1863,1738
KOSPI,두산밥캣,241560,34.654201136885916,57900,60216,56163
KOSPI,씨에스윈드,112610,40.327775537023605,50100,52104,48597
KOSPI,HD현대마린엔진,071970,32.483239286700915,49100,51064,47627
KOSPI,한진칼,180640,46.335281796779974,140500,146120,136285
KOSPI,KT,030200,37.17852636451725,52900,55016,51313
KOSPI,LG생활건강,051900,37.006256016406674,293500,305240,284695
KOSPI,고려아연,010130,39.5291690536813,1116000,1160640,1082520
KOSPI,코오롱인더,120110,41.64989621144941,54400,56576,52768
KOSPI,KCC,002380,51.93610826619586,476500,495560,462205
KOSPI,SKC,011790,44.11475876969905,89100,92664,86427
KOSPI,JB금융지주,175330,36.91388898399792,30250,31460,29342
KOSPI,NHN,181710,46.19492662007685,56100,58344,54417
KOSPI,현대차우,005385,41.832958958013435,177000,184080,171690
KOSPI,오리온,271560,29.599855858393138,110200,114608,106894
KOSPI,에스엠벡셀,010580,44.94495649232804,2710,2818,2628
KOSPI,한화,000880,50.938037410694136,130100,135304,126197
KOSPI,에코프로머티,450080,42.461629521074286,35050,36452,33998
KOSPI,삼성에피스홀딩스,0126Z0,43.41324638149926,331000,344240,321070
KOSPI,자이에스앤디,317400,41.518488720530144,9870,10264,9573
KOSPI,풍산,103140,40.74110962360168,77500,80600,75175
KOSPI,한국가스공사,036460,33.58602358275801,35450,36868,34386
KOSPI,iM금융지주,139130,32.433194757546005,17910,18626,17372
KOSPI,유니퀘스트,077500,38.34001992911015,9150,9516,8875
KOSPI,롯데케미칼,011170,41.15086117249235,60800,63232,58976
KOSPI,이마트,139480,35.87618240976178,71800,74672,69646
KOSPI,드림텍,192650,50.35242886973208,8500,8840,8245
KOSPI,SK바이오팜,326030,40.49728921812392,76200,79248,73914
KOSPI,SNT에너지,100840,44.23392293660204,37000,38480,35890
KOSPI,맥쿼리인프라,088980,39.386363325279895,9830,10223,9535
KOSPI,한미사이언스,008930,46.07537332318745,52500,54600,50925
KOSPI,넥스틸,092790,46.2737326090609,13390,13925,12988
KOSPI,한화비전,489790,44.93587092920165,48100,50024,46657
KOSPI,우진,105840,41.95753918843572,13920,14476,13502
KOSPI,DN오토모티브,007340,41.240958192772155,47700,49608,46269
KOSPI,S-Oil우,010955,47.09564609506617,83600,86944,81092
KOSPI,한올바이오파마,009420,42.44666694256981,46750,48620,45347
KOSPI,금호석유화학,011780,31.44272776643801,117400,122096,113878
KOSPI,농심,004370,31.26382498783323,391500,407160,379755
KOSPI,카카오페이,377300,36.978079117579206,40450,42068,39236
KOSPI,삼아알미늄,006110,46.05769713521444,54100,56264,52477
KOSPI,HJ중공업,097230,40.80724591927881,14890,15485,14443
KOSPI,대한유화,006650,48.59928447488577,91400,95056,88658
KOSPI,한화손해보험,000370,43.08852754632761,7690,7997,7459
KOSPI,세아베스틸지주,001430,46.63023390613786,44700,46488,43359
KOSPI,빙그레,005180,45.73689302732177,83800,87152,81286
KOSPI,이수스페셜티케미컬,457190,43.56488569952116,64200,66768,62274
KOSPI,에스엘,005850,37.515387412793984,48550,50492,47093
KOSPI,미스토홀딩스,081660,37.236500602432265,37950,39468,36811
KOSPI,현대엘리베이터,017800,44.64662346698497,74000,76960,71780
KOSPI,SK네트웍스,001740,35.40032796443731,6060,6302,5878
KOSPI,KEC,092220,49.852341105668565,3185,3312,3089
KOSPI,영원무역,111770,39.150281399831876,69700,72488,67609
KOSPI,신성이엔지,011930,50.685929260915444,17060,17742,16548
KOSPI,한솔테크닉스,004710,48.32005772060415,9930,10327,9632
KOSPI,한전산업,130660,59.83819436146889,12380,12875,12008
KOSPI,SK오션플랜트,100090,32.69832084171063,11370,11824,11028
KOSPI,한화갤러리아,452260,43.746544515239904,2770,2880,2686
KOSPI,호텔신라,008770,33.04252903387702,40250,41860,39042
KOSPI,삼일씨엔에스,004440,50.99693270765084,5420,5636,5257
KOSPI,삼성카드,029780,34.52603124547943,42750,44460,41467
KOSPI,STX엔진,077970,34.38503013998419,22300,23192,21631
KOSPI,F&F,383220,38.62941977958805,67500,70200,65475
KOSPI,코스모신소재,005070,46.04677481848295,41700,43368,40449
KOSPI,롯데에너지머티리얼즈,020150,46.75611932341466,40100,41704,38897
KOSPI,두산우,000155,42.9923559241002,492000,511680,477240
KOSPI,CJ대한통운,000120,34.26647986393428,70100,72904,67997
KOSPI,현대지에프홀딩스,005440,41.82279429221056,13080,13603,12687
KOSPI,자화전자,033240,43.930917540793104,25950,26988,25171
KOSPI,포스코DX,022100,37.55947098719835,20050,20852,19448
KOSPI,대양금속,009190,56.42324548421547,963,1001,934
KOSPI,흥아해운,003280,42.12301870679781,1785,1856,1731
KOSPI,LG전자우,066575,43.45308771252487,71300,74152,69161
KOSPI,한전KPS,051600,42.579997130036965,46100,47944,44717
KOSPI,혜인,003010,47.60308643502687,9450,9828,9166
KOSPI,강원랜드,035250,33.73254078072007,14380,14955,13948
KOSPI,세아제강지주,003030,40.124598781581675,102000,106080,98940
KOSPI,SK증권,001510,37.50086511204675,2330,2423,2260
KOSPI,제일기획,030000,32.202133566691096,17740,18449,17207
KOSPI,한화투자증권,003530,43.83913964834931,4615,4799,4476
KOSPI,SK디스커버리,006120,47.899874758397615,60700,63128,58879
KOSPI,GS리테일,007070,30.898644866328397,22800,23712,22116
KOSPI,OCI,456040,45.01527931236159,76900,79976,74593
KOSPI,한미글로벌,053690,52.9406173530643,21500,22360,20855
KOSPI,넷마블,251270,34.19248385884115,34600,35984,33562
KOSPI,에스원,012750,48.43635103297894,82400,85696,79928
KOSPI,LX인터내셔널,001120,39.56114271088328,40350,41964,39139
KOSPI,BGF리테일,282330,34.04403005775305,133100,138424,129107
KOSPI,효성,004800,45.01644567667647,163900,170456,158983
KOSPI,영풍,000670,44.119723379399844,43200,44928,41904
KOSPI,현대위아,011210,37.168753648845296,52500,54600,50925
KOSPI,코리안리,003690,31.901746645607844,14630,15215,14191
KOSPI,전진건설로봇,079900,43.277894937256974,42350,44044,41079
KOSPI,더블유게임즈,192080,39.55544646549927,58100,60424,56357
KOSPI,IPARK현대산업개발,294870,40.398600564976626,23500,24440,22795
KOSPI,세방전지,004490,32.75323858147324,59200,61568,57424
KOSPI,지역난방공사,071320,38.46823045069647,78300,81432,75951
KOSPI,한국카본,017960,36.762750068005026,20350,21164,19739
KOSPI,삼성화재우,000815,37.43030185112224,409000,425360,396730
KOSPI,한섬,020000,41.60947210191086,19890,20685,19293
KOSPI,아시아나항공,020560,49.08972442245769,8390,8725,8138
KOSPI,미래산업,025560,31.013116746677888,6520,6780,6324
KOSPI,효성티앤씨,298020,32.298536290773974,311000,323440,301670
KOSPI,동국제강,460860,45.47503808843536,9520,9900,9234
KOSPI,아모레퍼시픽홀딩스,002790,36.542154927099205,26400,27456,25608
KOSPI,SK바이오사이언스,302440,39.27463035465899,35600,37024,34532
KOSPI,하이스틸,071090,49.74217852426066,3400,3536,3298
KOSPI,한국앤컴퍼니,000240,34.116140280155214,24650,25636,23910
KOSPI,키다리스튜디오,020120,40.61252039901851,7950,8268,7711
KOSPI,GS피앤엘,499790,31.466967255237694,36950,38428,35841
KOSPI,KTcs,058850,45.67675628603913,2190,2277,2124
KOSPI,롯데지주,004990,51.374197598291225,24400,25376,23668
KOSPI,대한해운,005880,39.7065111266234,1987,2066,1927
KOSPI,미래에셋증권2우B,00680K,44.33077016670176,10820,11252,10495
KOSPI,오리온홀딩스,001800,35.136471246578374,23750,24700,23037
KOSPI,CJ CGV,079160,42.59318008538248,5210,5418,5053
KOSPI,TYM,002900,40.1188817102573,6590,6853,6392
KOSPI,KB발해인프라,415640,47.25189845596181,10220,10628,9913
KOSPI,동아지질,028100,39.80934897753271,19550,20332,18963
KOSPI,대신증권,003540,39.6723926543561,26150,27196,25365
KOSPI,녹십자,006280,29.037750395408366,123000,127920,119310
KOSPI,써니전자,004770,44.877300768155386,2005,2085,1944
KOSPI,SNT다이내믹스,003570,38.043825675669254,26350,27404,25559
KOSPI,신세계 I&C,035510,44.06959341322232,15670,16296,15199
KOSPI,파라다이스,034230,39.74276394233984,9550,9932,9263
KOSPI,롯데정밀화학,004000,33.447618387629696,43300,45032,42001
KOSPI,SK케미칼,285130,40.21668548599692,49800,51792,48306
KOSPI,롯데웰푸드,280360,34.24156891910947,125000,130000,121250
KOSPI,태양금속,004100,48.846454949121345,3090,3213,2997
KOSPI,남해화학,025860,33.75860897568617,6080,6323,5897
KOSPI,삼양바이오팜,0120G0,44.72587315521257,46600,48464,45202
KOSPI,롯데관광개발,032350,39.35166259010943,11730,12199,11378
KOSPI,DL,000210,37.07418910214258,50800,52832,49276
KOSPI,SK가스,018670,42.69144799833593,239000,248560,231830
KOSPI,경동나비엔,009450,34.433114209975734,60300,62712,58491
KOSPI,선도전기,007610,49.265322335054265,4505,4685,4369
KOSPI,대웅제약,069620,42.367444484461934,107200,111488,103984
KOSPI,SK리츠,395400,39.16121645671436,5370,5584,5208
KOSPI,서울보증보험,031210,36.13005455424957,41350,43004,40109
KOSPI,케이씨,029460,45.04319479675761,43500,45240,42195
KOSPI,KG모빌리티,003620,30.843728035176365,2485,2584,2410
KOSPI,대한조선,439260,39.2602047150657,45550,47372,44183
KOSPI,아모레퍼시픽우,090435,33.69770353193486,42800,44512,41516
KOSPI,다우기술,023590,45.94575631708122,39150,40716,37975
KOSPI,PKC,001340,47.46409433670866,5130,5335,4976
KOSPI,일동제약,249420,41.026643032428964,13860,14414,13444
KOSPI,케이뱅크,279570,41.12172536398084,5340,5553,5179
KOSPI,미래에셋생명,085620,43.26869169401333,19470,20248,18885
KOSPI,인디에프,014990,49.06035454912295,4305,4477,4175
KOSPI,LX세미콘,108320,39.52310114390194,36550,38012,35453
KOSPI,HDC,012630,44.98513243568956,25500,26520,24735
KOSPI,이수화학,005950,38.14967012268311,10570,10992,10252
KOSPI,롯데렌탈,089860,31.248554208785627,49600,51584,48112
KOSPI,화신,010690,42.97516065063564,7400,7696,7178
KOSPI,TCC스틸,002710,60.064010825889234,11300,11752,10961
KOSPI,신풍제약,019170,39.28083540294248,9270,9640,8991
KOSPI,퍼스텍,010820,41.093189721832005,6270,6520,6081
KOSPI,시프트업,462870,42.096264671150166,31300,32552,30361
KOSPI,디와이덕양,024900,41.550081371450744,2170,2256,2104
KOSPI,삼성물산우B,02826K,40.33521535888547,240000,249600,232800
KOSPI,삼성공조,006660,43.14195319336739,12390,12885,12018
KOSPI,TP,007980,48.54394372584253,1783,1854,1729
KOSPI,애경케미칼,161000,39.63619359691031,9910,10306,9612
KOSPI,대웅,003090,34.96925413030751,15870,16504,15393
KOSPI,동원산업,006040,34.06293473378683,35200,36608,34144
KOSPI,세진중공업,075580,29.794259281211584,10020,10420,9719
KOSPI,세아제강,306200,44.124260902214445,139000,144560,134830
KOSPI,영원무역홀딩스,009970,34.714470476040646,165900,172536,160923
KOSPI,솔루엠,248070,41.18149025869044,12890,13405,12503
KOSPI,유진투자증권,001200,36.993682331902434,4160,4326,4035
KOSPI,한국석유,004090,41.252677820143205,11590,12053,11242
KOSPI,한국금융지주우,071055,38.07102845942374,146000,151840,141620
KOSPI,롯데칠성,005300,43.51539481736847,95800,99632,92926
KOSPI,하이트진로,000080,28.8873596465685,15030,15631,14579
KOSPI,종근당,185750,28.97737482607519,64800,67392,62856
KOSPI,제주항공,089590,44.47205966381,4515,4695,4379
KOSPI,솔루스첨단소재,336370,45.39780053824074,7620,7924,7391
KOSPI,KG스틸,016380,38.13181826747213,5550,5772,5383
KOSPI,동양,001520,48.837182821997025,1156,1202,1121
KOSPI,LG화학우,051915,40.62141103336404,115200,119808,111744
KOSPI,삼화전기,009470,45.599249527606226,26250,27300,25462
KOSPI,유안타증권,003470,35.913428522277684,4425,4602,4292
KOSPI,엠앤씨솔루션,484870,48.39640098863462,17660,18366,17130
KOSPI,CJ4우(전환),00104K,43.80344257328254,128300,133432,124451
KOSPI,동서,026960,38.50570730642971,25450,26468,24686
KOSPI,신영증권,001720,41.11229173709762,137900,143416,133763
KOSPI,코오롱,002020,39.65472611941648,23950,24908,23231
KOSPI,동아쏘시오홀딩스,000640,34.37070952412755,95900,99736,93023
KOSPI,휴스틸,005010,48.37295452581165,3860,4014,3744
KOSPI,제주은행,006220,46.75941025222007,9560,9942,9273
KOSPI,이노션,214320,32.0659505070692,18040,18761,17498
KOSPI,명신산업,009900,47.13113224735686,8160,8486,7915
KOSPI,샘표,007540,41.04838662421232,47350,49244,45929
KOSPI,일신방직,003200,44.281309279412376,11060,11502,10728
KOSPI,HS효성첨단소재,298050,32.64429703865704,159400,165776,154618
KOSPI,현대그린푸드,453340,40.467258227271785,19300,20072,18721
KOSPI,삼일제약,000520,43.10150231139497,8140,8465,7895
KOSPI,GS글로벌,001250,34.862179706199925,2550,2652,2473
KOSPI,계룡건설,013580,47.49950424634544,22400,23296,21728
KOSPI,오뚜기,007310,31.211884543123276,311500,323960,302155
KOSPI,ESR켄달스퀘어리츠,365550,42.34671379020628,3250,3380,3152
KOSPI,대동,000490,31.883211336048607,7580,7883,7352
KOSPI,삼성SDI우,006405,41.62000756937614,212000,220480,205640
KOSPI,디아이씨,092200,46.4877678508884,5570,5792,5402
KOSPI,한샘,009240,35.69516568014793,39650,41236,38460
KOSPI,아이마켓코리아,122900,46.43884681452429,8410,8746,8157
KOSPI,LX홀딩스,383800,44.568546289102365,8100,8424,7857
KOSPI,현대차3우B,005389,41.84375610249195,174800,181792,169556
KOSPI,GS우,078935,32.1758426649453,59900,62296,58103
KOSPI,롯데리츠,330590,51.707508626599996,4120,4284,3996
KOSPI,진에어,272450,50.75757614731508,6030,6271,5849
KOSPI,대덕,008060,42.72105613740382,14720,15308,14278
KOSPI,대상,001680,33.84434733996786,17840,18553,17304
KOSPI,KBI동양철관,008970,41.731052205107986,1145,1190,1110
KOSPI,AJ네트웍스,095570,44.50439747073751,4280,4451,4151
KOSPI,LG생활건강우,051905,44.447571365728024,98500,102440,95545
KOSPI,삼성FN리츠,448730,43.289946247633324,4860,5054,4714
KOSPI,율촌화학,008730,42.1778799114642,14870,15464,14423
KOSPI,현대코퍼레이션,011760,37.95876159270235,25150,26156,24395
KOSPI,일진홀딩스,015860,43.84115692617573,6990,7269,6780
KOSPI,코스모화학,005420,43.20211795359088,10190,10597,9884
KOSPI,포스코스틸리온,058430,37.944128887478556,4560,4742,4423
KOSPI,삼영,003720,36.251495923040814,6460,6718,6266
KOSPI,한화리츠,451800,44.63895809830948,5400,5616,5238
KOSPI,DL이앤씨2우(전환),37550L,46.97970309694046,52300,54392,50731
KOSPI,한일시멘트,300720,43.30542747437261,16070,16712,15587
KOSPI,SK이노베이션우,096775,39.48212146216056,71100,73944,68967
KOSPI,이구산업,025820,42.71726182291269,4320,4492,4190
KOSPI,HS효성,487570,51.90100073857731,49400,51376,47918
KOSPI,태광산업,003240,42.72259277421979,910000,946400,882700
KOSPI,롯데손해보험,000400,37.02243011453405,2035,2116,1973
KOSPI,JW중외제약,001060,37.35649308955807,26450,27508,25656
KOSPI,효성화학,298000,34.58264234875062,51700,53768,50149
KOSPI,송원산업,004430,33.66079971219937,11300,11752,10961
KOSPI,에스디바이오센서,137310,34.01779234416426,6060,6302,5878
KOSPI,NICE평가정보,030190,31.440707236071123,15580,16203,15112
KOSPI,한화3우B,00088K,49.80168654088815,40500,42120,39285
KOSPI,다스코,058730,31.234890114843694,3185,3312,3089
KOSPI,SNT모티브,064960,40.6977783853571,25700,26728,24929
KOSPI,광주신세계,037710,41.23861947394114,34450,35828,33416
KOSPI,체시스,033250,47.17041705462756,4245,4414,4117
KOSPI,신한알파리츠,293940,45.78593948307647,5600,5824,5432
KOSPI,하나투어,039130,41.560975235541676,30500,31720,29585
KOSPI,금강공업,014280,43.433059078057404,4405,4581,4272
KOSPI,성문전자,014910,50.012397033215535,1956,2034,1897
KOSPI,대성에너지,117580,52.031405776133724,7040,7321,6828
KOSPI,대창,012800,43.319639974225076,1179,1226,1143
KOSPI,티에이치엔,019180,34.907762654763374,4930,5127,4782
KOSPI,신세계인터내셔날,031430,41.9635255858253,10340,10753,10029
KOSPI,광동제약,009290,46.44937629853933,6380,6635,6188
KOSPI,SNT홀딩스,036530,45.33575659346813,45350,47164,43989
KOSPI,TKG휴켐스,069260,39.724520518464885,16200,16848,15714
KOSPI,KCTC,009070,44.328706222874935,4020,4180,3899
KOSPI,한국단자,025540,41.63758469379912,56000,58240,54320
KOSPI,한컴라이프케어,372910,47.60666662529186,2115,2199,2051
KOSPI,HL홀딩스,060980,36.8092051467186,38850,40404,37684
KOSPI,한국공항,005430,29.369754082315648,84100,87464,81577
KOSPI,DS단석,017860,45.55646108885914,12120,12604,11756
KOSPI,신풍,002870,48.532298121152785,1121,1165,1087
KOSPI,동국홀딩스,001230,43.67373687892098,2115,2199,2051
KOSPI,DI동일,001530,42.12175285825628,25200,26208,24444
KOSPI,삼천리,004690,34.11162907074497,130100,135304,126197
KOSPI,NH투자증권우,005945,41.363919304073924,23050,23972,22358
KOSPI,맵스리얼티,094800,43.78787508321207,7700,8008,7469
KOSPI,선진,136490,37.68710746878013,10360,10774,10049
KOSPI,SP삼화,000390,49.366724850315926,7030,7311,6819
KOSPI,KG케미칼,001390,32.04523893073402,4225,4394,4098
KOSPI,동부건설,005960,44.07887618444121,8470,8808,8215
KOSPI,풍산홀딩스,005810,43.67117777057889,37200,38688,36084
KOSPI,CJ제일제당 우,097955,34.92902595424902,110700,115128,107379
KOSPI,대신증권우,003545,42.05310271125504,20350,21164,19739
KOSPI,넥센타이어,002350,44.690308637126655,5590,5813,5422
KOSPI,GKL,114090,37.35450063269526,8910,9266,8642
KOSPI,코스맥스비티아이,044820,42.61358502720787,25800,26832,25026
KOSPI,샘표식품,248170,48.34235866258222,22300,23192,21631
KOSPI,한신공영,004960,44.1176134039535,10910,11346,10582
KOSPI,남선알미늄,008350,40.08005247543656,1065,1107,1033
KOSPI,현대비앤지스틸,004560,47.05891888544209,12490,12989,12115
KOSPI,삼성제약,001360,43.8438352924638,1279,1330,1240
KOSPI,SIMPAC,009160,39.711631550184684,4815,5007,4670
KOSPI,LX하우시스,108670,30.35111136820927,32450,33748,31476
KOSPI,국도화학,007690,29.745975437348605,37050,38532,35938
KOSPI,SK우,03473K,44.69772156571183,389000,404560,377330
KOSPI,DYP,092780,47.871389132285515,3535,3676,3428
KOSPI,한국쉘석유,002960,40.03746855024066,509000,529360,493730
KOSPI,씨케이솔루션,480370,44.443684458734175,1772,1842,1718
KOSPI,대신증권2우B,003547,48.686392527704776,19480,20259,18895
KOSPI,제이에스코퍼레이션,194370,38.30318782884585,12680,13187,12299
KOSPI,한국토지신탁,034830,48.94061583881564,1136,1181,1101
KOSPI,우성머티리얼스,011300,45.43531332930768,2855,2969,2769
KOSPI,한농화성,011500,43.63903311673952,13110,13634,12716
KOSPI,보령,003850,40.0890284253229,8280,8611,8031
KOSPI,동원시스템즈,014820,31.662643300409794,20800,21632,20176
KOSPI,태양금속우,004105,49.24239053155072,3880,4035,3763
KOSPI,한세실업,105630,28.739222532419433,8600,8944,8342
KOSPI,아세아제지,002310,57.9830764024011,8390,8725,8138
KOSPI,PI첨단소재,178920,38.756431208414725,18230,18959,17683
KOSPI,대창단조,015230,40.480706179562794,6610,6874,6411
KOSPI,엠씨넥스,097520,41.70691304199992,18350,19084,17799
KOSPI,서흥,008490,36.373718566798715,19880,20675,19283
KOSPI,금호석유화학우,011785,27.397453503416784,49500,51480,48015
KOSPI,유니드,014830,38.14226491010431,60200,62608,58394
KOSPI,E1,017940,35.18461399601651,92400,96096,89628
KOSPI,롯데이노베이트,286940,39.02490039523162,17370,18064,16848
KOSPI,대성산업,128820,48.40020496453005,4050,4212,3928
KOSPI,대원강업,000430,33.92255571351649,4830,5023,4685
KOSPI,부광약품,003000,38.45773008417861,3970,4128,3850
KOSPI,덴티움,145720,34.90594714203035,36800,38272,35696
KOSPI,SJG세종,033530,41.635063075094244,6690,6957,6489
KOSPI,신영와코루,005800,47.72031335824218,13970,14528,13550
KOSPI,서연이화,200880,39.00489225267806,10780,11211,10456
KOSPI,DB증권,016610,50.30367167605798,10320,10732,10010
KOSPI,아세아,002030,47.19597869477994,212000,220480,205640
KOSPI,다올투자증권,030210,39.063827324286585,3890,4045,3773
KOSPI,에이블씨엔씨,078520,41.01104165531417,10580,11003,10262
KOSPI,코람코라이프인프라리츠,357120,40.82291032362085,4250,4420,4122
KOSPI,한신기계,011700,46.64812674292808,2400,2496,2328
KOSPI,대한제당,001790,41.28304088563935,2840,2953,2754
KOSPI,유니켐,011330,45.13410783987337,4105,4269,3981
KOSPI,KCC글라스,344820,32.23304799377667,23750,24700,23037
KOSPI,에이플러스에셋,244920,40.09287868667113,12630,13135,12251
KOSPI,현대차증권,001500,40.3089162820393,7880,8195,7643
KOSPI,KB스타리츠,432320,45.21596396722889,1676,1743,1625
KOSPI,녹십자홀딩스,005250,36.352970281438594,9450,9828,9166
KOSPI,삼영무역,002810,33.62579106625719,21200,22048,20564
KOSPI,진양화학,051630,45.51800954038082,1614,1678,1565
KOSPI,애경산업,018250,33.82551459761707,11060,11502,10728
KOSPI,SK디앤디,210980,44.65986041872938,3395,3530,3293
KOSPI,화승코퍼레이션,013520,44.08953704245368,2520,2620,2444
KOSPI,한국화장품,123690,37.973645101832545,6320,6572,6130
KOSPI,까뮤이앤씨,013700,33.07234626636904,1588,1651,1540
KOSPI,평화산업,090080,45.706785832256685,1006,1046,975
KOSPI,태영건설,009410,36.09884281980342,1627,1692,1578
KOSPI,명인제약,317450,32.91570018641741,42050,43732,40788
KOSPI,NH프라임리츠,338100,32.10134383957951,3815,3967,3700
KOSPI,한일철강,002220,37.27220512122985,2880,2995,2793
KOSPI,동아에스티,170900,34.53532018166674,34500,35880,33465
KOSPI,LF,093050,34.657723229277906,21700,22568,21049
KOSPI,엘브이엠씨홀딩스,900140,44.6134298237064,1100,1144,1067
KOSPI,삼익THK,004380,41.089859853649976,7500,7800,7275
KOSPI,삼화전자,011230,42.10703642569859,2685,2792,2604
KOSPI,아이티센씨티에스,031820,48.43311393149274,5690,5917,5519
KOSPI,대구백화점,006370,37.267347252323646,2930,3047,2842
KOSPI,수산세보틱스,017550,45.61824447568497,1830,1903,1775
KOSPI,대덕전자1우,35320K,41.20526981008103,24900,25896,24153
KOSPI,삼영전자,005680,53.62265535695965,12760,13270,12377
KOSPI,디앤디플랫폼리츠,377190,38.137711365558665,2240,2329,2172
KOSPI,성신양회,004980,40.60180998170054,8250,8580,8002
KOSPI,에이프로젠,007460,46.07192373659093,2015,2095,1954
KOSDAQ,엑스게이트,356680,50.707536882808256,18320,19052,17770
KOSDAQ,나라스페이스테크놀로지,478340,44.881030820522824,14050,14612,13628
KOSDAQ,빛샘전자,072950,45.08663959482089,14030,14591,13609
KOSDAQ,대한광통신,010170,45.77777444719069,17720,18428,17188
KOSDAQ,원익홀딩스,030530,42.99270210645227,28000,29120,27160
KOSDAQ,파두,440110,37.36460126571479,81400,84656,78958
KOSDAQ,우리로,046970,44.777310295200856,7890,8205,7653
KOSDAQ,우리넷,115440,45.70096556425735,12120,12604,11756
KOSDAQ,피에스케이,319660,46.75758765673643,144200,149968,139874
KOSDAQ,하나마이크론,067310,37.4371757889693,46200,48048,44814
KOSDAQ,성호전자,043260,43.0391715338997,26750,27820,25947
KOSDAQ,미투온,201490,48.9489295556618,3675,3822,3564
KOSDAQ,HT로보틱스,396300,46.41103335423392,6010,6250,5829
KOSDAQ,삼기에너지솔루션즈,419050,44.320066790489406,1884,1959,1827
KOSDAQ,제주반도체,080220,39.46071879129529,78000,81120,75660
KOSDAQ,브이엠,089970,38.59062075284581,62800,65312,60916
KOSDAQ,SFA반도체,036540,46.117027330279086,10570,10992,10252
KOSDAQ,로보티즈,108490,41.10009215370477,301500,313560,292455
KOSDAQ,토마토시스템,393210,43.27940517108291,3715,3863,3603
KOSDAQ,엑시콘,092870,47.06343668257526,43300,45032,42001
KOSDAQ,센서뷰,321370,41.57519620996168,1794,1865,1740
KOSDAQ,노타,486990,47.036835660916296,20400,21216,19788
KOSDAQ,켄코아에어로스페이스,274090,48.80113840101598,12940,13457,12551
KOSDAQ,빛과전자,069540,44.30331347079676,4020,4180,3899
KOSDAQ,드림시큐리티,203650,43.95068379925543,2830,2943,2745
KOSDAQ,동진쎄미켐,005290,36.20212572580014,46850,48724,45444
KOSDAQ,스피어,347700,48.19361346130847,23450,24388,22746
KOSDAQ,유진테크,084370,49.948245795596335,161800,168272,156946
KOSDAQ,테크윙,089030,45.08404904283092,49150,51116,47675
KOSDAQ,동국생명과학,303810,45.281789204873995,2760,2870,2677
KOSDAQ,네오셈,253590,48.356463800469996,13640,14185,13230
KOSDAQ,메가터치,446540,53.96105043577527,10890,11325,10563
KOSDAQ,아이씨티케이,456010,47.914510774517844,22900,23816,22213
KOSDAQ,에스피지,058610,42.853578249295005,100900,104936,97873
KOSDAQ,우리기술,032820,39.28534262696702,12980,13499,12590
KOSDAQ,비에이치아이,083650,40.00478891117148,60500,62920,58685
KOSDAQ,이오테크닉스,039030,47.62913682108448,479500,498680,465115
KOSDAQ,삼미금속,012210,46.09435426093101,12460,12958,12086
KOSDAQ,아톤,158430,45.26976360978448,5550,5772,5383
KOSDAQ,저스템,417840,33.60232063356723,17230,17919,16713
KOSDAQ,와이제이링크,209640,50.32300103701972,3895,4050,3778
KOSDAQ,제우스,079370,50.9217920309885,12870,13384,12483
KOSDAQ,아스플로,159010,47.83711024274319,29400,30576,28518
KOSDAQ,오킨스전자,080580,44.68201439317385,25050,26052,24298
KOSDAQ,RF머트리얼즈,327260,41.16503499378588,46700,48568,45299
KOSDAQ,티엘비,356860,43.11466166762182,44750,46540,43407
KOSDAQ,제이앤티씨,204270,46.88934897263124,24000,24960,23280
KOSDAQ,와이씨,232140,47.89663180288675,14270,14840,13841
KOSDAQ,지엔씨에너지,119850,41.978371496534066,56100,58344,54417
KOSDAQ,ISC,095340,46.79298041761181,212500,221000,206125
KOSDAQ,한컴위드,054920,47.77954021932758,4770,4960,4626
KOSDAQ,실리콘투,257720,30.822230905667492,38900,40456,37733
KOSDAQ,디앤디파마텍,347850,39.96004133787789,44650,46436,43310
KOSDAQ,셀리드,299660,53.034308791529696,2605,2709,2526
KOSDAQ,HLB,028300,43.687610382423905,31050,32292,30118
KOSDAQ,쓰리빌리언,394800,44.3747170556293,5520,5740,5354
KOSDAQ,삼현,437730,45.81998022560329,51700,53768,50149
KOSDAQ,고영,098460,42.54386168472179,29150,30316,28275
KOSDAQ,티에스이,131290,37.018004730730034,289000,300560,280330
KOSDAQ,레인보우로보틱스,277810,41.3389581682837,435500,452920,422435
KOSDAQ,프로티나,468530,41.89882776675576,46900,48776,45493
KOSDAQ,서진시스템,178320,41.06711474561619,32050,33332,31088
KOSDAQ,뉴파워프라즈마,144960,41.29870979154072,12780,13291,12396
KOSDAQ,에이치브이엠,295310,39.259748345605885,64100,66664,62177
KOSDAQ,RFHIC,218410,44.446691388808844,58800,61152,57036
KOSDAQ,비츠로테크,042370,48.00478106022586,10640,11065,10320
KOSDAQ,엠케이전자,033160,47.05434051934368,16550,17212,16053
KOSDAQ,오름테라퓨틱,475830,44.39166888203463,24800,25792,24056
KOSDAQ,한라캐스트,125490,48.1449161707994,12150,12636,11785
KOSDAQ,카페24,042000,43.79198904339663,17800,18512,17266
KOSDAQ,아주IB투자,027360,45.18321675564123,4075,4238,3952
KOSDAQ,피에스케이홀딩스,031980,45.045995871393266,163200,169728,158304
KOSDAQ,삼기,122350,44.61779107531956,1624,1688,1575
KOSDAQ,현대무벡스,319400,39.28411642837215,21100,21944,20467
KOSDAQ,마이크로컨텍솔,098120,45.93720995789325,58700,61048,56939
KOSDAQ,휴림로봇,090710,39.24047503635656,6250,6500,6062
KOSDAQ,서울전자통신,027040,47.06530475269665,1851,1925,1795
KOSDAQ,인텍플러스,064290,43.50802471920148,55000,57200,53350
KOSDAQ,에스투더블유,488280,48.677321154229716,15610,16234,15141
KOSDAQ,비나텍,126340,42.28171915742095,86400,89856,83808
KOSDAQ,아모텍,052710,44.52238309599489,19310,20082,18730
KOSDAQ,쏠리드,050890,42.32980243802958,9620,10004,9331
KOSDAQ,기가비스,420770,35.06771665025962,123100,128024,119407
KOSDAQ,펩트론,087010,43.55389411830881,145200,151008,140844
KOSDAQ,우리기술투자,041190,44.96541426162026,5990,6229,5810
KOSDAQ,KBI메탈,024840,39.79626576651702,6350,6604,6159
KOSDAQ,엘티씨,170920,33.11236023436054,38500,40040,37345
KOSDAQ,코미코,183300,43.541201469856055,31500,32760,30555
KOSDAQ,티이엠씨,425040,35.09388121026608,12950,13468,12561
KOSDAQ,샘씨엔에스,252990,37.94031371073685,18110,18834,17566
KOSDAQ,알멕,354320,46.03886224410899,42700,44408,41419
KOSDAQ,태성,323280,45.60171962906361,47050,48932,45638
KOSDAQ,PS일렉트로닉스,332570,41.20591287251773,8820,9172,8555
KOSDAQ,SG,255220,46.567867152545666,1210,1258,1173
KOSDAQ,메지온,140410,41.5668852225157,82200,85488,79734
KOSDAQ,아난티,025980,46.630202351521355,5260,5470,5102
KOSDAQ,LS머트리얼즈,417200,48.87786447012234,13570,14112,13162
KOSDAQ,코오롱티슈진,950160,41.591037071637274,15890,16525,15413
KOSDAQ,헥토파이낸셜,234340,42.66400348381655,22600,23504,21922
KOSDAQ,한양디지텍,078350,44.1987402132676,27650,28756,26820
KOSDAQ,삼천당제약,000250,34.39511513866262,166600,173264,161602
KOSDAQ,오이솔루션,138080,33.85444261855715,28700,29848,27839
KOSDAQ,안랩,053800,43.12837337200462,73600,76544,71392
KOSDAQ,지씨지놈,340450,36.92214518439895,8080,8403,7837
KOSDAQ,씨싸이트,109670,38.997494071347646,11400,11856,11058
KOSDAQ,JW신약,067290,44.72564385215314,3155,3281,3060
KOSDAQ,덕산하이메탈,077360,38.93471293093044,13200,13728,12804
KOSDAQ,가온칩스,399720,35.377844188320786,47250,49140,45832
KOSDAQ,더블유에스아이,299170,47.41177984635407,1364,1418,1323
KOSDAQ,더즌,462860,44.99380211033451,3035,3156,2943
KOSDAQ,예스티,122640,44.37102776962456,32200,33488,31234
KOSDAQ,미래에셋벤처투자,100790,46.74308234312263,17850,18564,17314
KOSDAQ,와이지-원,019210,52.330448604889625,12180,12667,11814
KOSDAQ,원익,032940,44.091449998741986,9360,9734,9079
KOSDAQ,머큐리,100590,43.996849872172476,4995,5194,4845
KOSDAQ,아이티센피엔에스,232830,45.823311985950475,2930,3047,2842
KOSDAQ,한선엔지니어링,452280,40.9179870908106,13360,13894,12959
KOSDAQ,흥구석유,024060,44.599273473318824,12550,13052,12173
KOSDAQ,티로보틱스,117730,40.41168823297931,14200,14768,13774
KOSDAQ,라온시큐어,042510,41.91957842484405,11010,11450,10679
KOSDAQ,휴젤,145020,41.00902300201095,186800,194272,181196
KOSDAQ,미코,059090,48.47931320584217,22550,23452,21873
KOSDAQ,뷰티스킨,406820,44.465356279101606,2370,2464,2298
KOSDAQ,케이쓰리아이,431190,50.09655310448626,4305,4477,4175
KOSDAQ,에이팩트,200470,42.928915886105635,8240,8569,7992
KOSDAQ,하나머티리얼즈,166090,34.05023806659832,58900,61256,57133
KOSDAQ,보원케미칼,0010F0,45.96338226041037,2550,2652,2473
KOSDAQ,피노,033790,39.63211790654847,7600,7904,7372
KOSDAQ,루닛,328130,45.926722335192125,9870,10264,9573
KOSDAQ,한솔아이원스,114810,46.59188143499097,14630,15215,14191
KOSDAQ,태웅,044490,42.99099766461444,38250,39780,37102
KOSDAQ,지투파워,388050,55.197446787047454,10260,10670,9952
KOSDAQ,뉴로메카,348340,33.29729201296006,20150,20956,19545
KOSDAQ,지니언스,263860,44.80975057857696,18440,19177,17886
KOSDAQ,지놈앤컴퍼니,314130,40.14125138257931,4765,4955,4622
KOSDAQ,씨엠티엑스,388210,37.70197875232558,89400,92976,86718
KOSDAQ,뉴로핏,380550,38.328732963369404,7800,8112,7566
KOSDAQ,알지노믹스,476830,44.980757967526905,25700,26728,24929
KOSDAQ,피델릭스,032580,38.50711851999875,7020,7300,6809
KOSDAQ,대주전자재료,078600,45.3742801859775,86800,90272,84196
KOSDAQ,원익QnC,074600,39.11618596589172,29450,30628,28566
KOSDAQ,로보스타,090360,43.19728594278378,78800,81952,76436
KOSDAQ,보로노이,310210,45.35408121949823,145700,151528,141329
KOSDAQ,아로마티카,0015N0,47.617989920367,11660,12126,11310
KOSDAQ,유비쿼스,264450,50.06378127380891,11410,11866,11067
KOSDAQ,온코닉테라퓨틱스,476060,39.64124649598809,15120,15724,14666
KOSDAQ,클로봇,466100,36.007940544504,23050,23972,22358
KOSDAQ,네패스아크,330860,36.97116225744858,29300,30472,28421
KOSDAQ,하이젠알앤엠,160190,48.791352953261125,29450,30628,28566
KOSDAQ,LS마린솔루션,060370,40.517445645645566,33500,34840,32495
KOSDAQ,세미파이브,490470,42.78722408842867,16290,16941,15801
KOSDAQ,네오티스,085910,45.63908957686679,16900,17576,16393
KOSDAQ,아이엠바이오로직스,493280,41.717027223471135,17520,18220,16994
KOSDAQ,필옵틱스,161580,45.17746481329365,32550,33852,31573
KOSDAQ,코세스,089890,46.135148805210335,28850,30004,27984
KOSDAQ,디케이티,290550,40.61890853791666,22050,22932,21388
KOSDAQ,코미팜,041960,48.7355344223619,9930,10327,9632
KOSDAQ,블루엠텍,439580,47.68439684534287,2710,2818,2628
KOSDAQ,쿠콘,294570,44.09786234730658,27150,28236,26335
KOSDAQ,케이씨에스,115500,46.205101923488925,10200,10608,9894
KOSDAQ,네패스,033640,40.397342653744786,27600,28704,26772
KOSDAQ,나노팀,417010,46.00996394610046,6590,6853,6392
KOSDAQ,리브스메드,491000,41.44456596615225,30350,31564,29439
KOSDAQ,로체시스템즈,071280,45.713402556160695,7950,8268,7711
KOSDAQ,삼익제약,014950,45.20912220480218,9140,9505,8865
KOSDAQ,한텍,098070,43.96743251133085,24200,25168,23474
KOSDAQ,코스모로보틱스,439960,41.60071599760601,11440,11897,11096
KOSDAQ,심텍홀딩스,036710,43.20200644690192,4425,4602,4292
KOSDAQ,핑거,163730,39.931498088477646,12520,13020,12144
KOSDAQ,보성파워텍,006910,42.248457940849846,7450,7748,7226
KOSDAQ,GST,083450,32.03201189488713,49300,51272,47821
KOSDAQ,유니슨,018000,50.12605075546325,1282,1333,1243
KOSDAQ,티에프이,425420,43.639681954482654,64800,67392,62856
KOSDAQ,범한퓨얼셀,382900,44.766042786464865,24000,24960,23280
KOSDAQ,기가레인,049080,45.00009743269841,9730,10119,9438
KOSDAQ,펄어비스,263750,42.77723429248991,33700,35048,32689
KOSDAQ,현대바이오,048410,40.92449313419693,6870,7144,6663
KOSDAQ,코칩,126730,44.20451194684695,22800,23712,22116
KOSDAQ,샌즈랩,411080,48.94195122802199,6350,6604,6159
KOSDAQ,에프에스티,036810,36.565897295502715,31250,32500,30312
KOSDAQ,프로텍,053610,35.112849390156285,76100,79144,73817
KOSDAQ,인텔리안테크,189300,45.06719523400185,69700,72488,67609
KOSDAQ,광진실업,026910,42.95172533736604,2590,2693,2512
KOSDAQ,이엔에프테크놀로지,102710,36.61015309869449,46000,47840,44620
KOSDAQ,유니테스트,086390,47.69937832573071,13280,13811,12881
KOSDAQ,한켐,457370,45.1724704757234,11340,11793,10999
KOSDAQ,유진로봇,056080,36.969817341168365,12090,12573,11727
KOSDAQ,한국알콜,017890,36.69620588650254,15420,16036,14957
KOSDAQ,에스비비테크,389500,39.81741093232702,43250,44980,41952
KOSDAQ,오르비텍,046120,45.13090832403583,5660,5886,5490
KOSDAQ,에스피소프트,443670,47.361337315178375,4995,5194,4845
KOSDAQ,제닉,123330,31.74306408491421,24100,25064,23377
KOSDAQ,티씨머티리얼즈,125020,50.466141406923846,6210,6458,6023
KOSDAQ,파인엠텍,441270,42.480515951935956,8750,9100,8487
KOSDAQ,라이콤,388790,46.80354398968108,5290,5501,5131
KOSDAQ,쎄트렉아이,099320,40.92898954678997,78200,81328,75854
KOSDAQ,더블유씨피,393890,44.4858899741545,10570,10992,10252
KOSDAQ,아크릴,0007C0,49.14102451918252,19160,19926,18585
KOSDAQ,메가스터디교육,215200,38.04780736547602,36200,37648,35114
KOSDAQ,메쥬,0088M0,40.607922089946214,13870,14424,13453
KOSDAQ,한국피아이엠,448900,43.519630971578295,54900,57096,53253
KOSDAQ,앱튼,270520,49.10879962150361,2020,2100,1959
KOSDAQ,디지털대성,068930,51.947499610934415,9650,10036,9360
KOSDAQ,페니트리움바이오,187660,45.51209421768372,6630,6895,6431
KOSDAQ,원익머트리얼즈,104830,42.28012776441742,36900,38376,35793
KOSDAQ,대아티아이,045390,31.90413702381578,3190,3317,3094
KOSDAQ,씨피시스템,413630,43.88748083263538,4270,4440,4141
KOSDAQ,미래반도체,254490,40.45676938409475,16790,17461,16286
KOSDAQ,더코디,224060,46.00389103505276,4395,4570,4263
KOSDAQ,한중엔시에스,107640,44.69285892877279,40400,42016,39188
KOSDAQ,싸이맥스,160980,42.33077374051557,26950,28028,26141
KOSDAQ,케이엠더블유,032500,46.84934953940888,19540,20321,18953
KOSDAQ,피엠티,147760,43.80269130222148,3890,4045,3773
KOSDAQ,타이거일렉,219130,31.88014681124643,80800,84032,78376
KOSDAQ,에스에이엠티,031330,33.24695105506087,8250,8580,8002
KOSDAQ,코데즈컴바인,047770,37.498321663144615,3790,3941,3676
KOSDAQ,코스텍시스,355150,49.50430518244537,21450,22308,20806
KOSDAQ,신성에스티,416180,54.53325761004404,24800,25792,24056
KOSDAQ,씨어스,458870,32.40318177966295,25200,26208,24444
KOSDAQ,도우인시스,484120,42.904831450418854,23850,24804,23134
KOSDAQ,케이아이엔엑스,093320,36.47254744363187,132100,137384,128137
KOSDAQ,엘앤씨바이오,290650,41.397752778997564,47000,48880,45590
KOSDAQ,덕산네오룩스,213420,40.3319287346403,29000,30160,28130
KOSDAQ,노브랜드,145170,46.441663320523176,2735,2844,2652
KOSDAQ,엔에프씨,265740,47.559978906303755,7400,7696,7178
KOSDAQ,한컴,030520,44.90366538652062,17130,17815,16616
KOSDAQ,티앤엘,340570,42.85619940148719,28500,29640,27645
KOSDAQ,시선AI,340810,46.86395944879121,3935,4092,3816
KOSDAQ,금강철강,053260,47.11969833950583,7030,7311,6819
KOSDAQ,오스코텍,039200,46.68524825635396,35800,37232,34726
KOSDAQ,네이처셀,007390,43.5950369433167,24700,25688,23959
KOSDAQ,지투지바이오,456160,44.538637528872385,32200,33488,31234
KOSDAQ,인바디,041830,35.6248532757542,53600,55744,51992
KOSDAQ,코위버,056360,44.341549311348736,6380,6635,6188
KOSDAQ,아이티센글로벌,124500,40.38728651360054,29700,30888,28809
KOSDAQ,지앤비에스 에코,382800,42.90873611760945,5270,5480,5111
KOSDAQ,씨이랩,189330,44.56227344942105,11390,11845,11048
KOSDAQ,상신이디피,091580,48.43882722481296,21050,21892,20418
KOSDAQ,에치에프알,230240,37.727333312396105,13920,14476,13502
KOSDAQ,아진엑스텍,059120,38.29236046376809,7360,7654,7139
KOSDAQ,아리바이오랩,261780,42.370896501642385,3525,3666,3419
KOSDAQ,HLB제약,047920,43.992070466365995,7620,7924,7391
KOSDAQ,퓨릿,445180,49.60203722307358,8890,9245,8623
KOSDAQ,HLB이노베이션,024850,45.46077167093976,15160,15766,14705
KOSDAQ,큐리옥스바이오시스템즈,445680,45.11261258575604,49050,51012,47578
KOSDAQ,동방메디컬,240550,39.08300411955646,6100,6344,5917
KOSDAQ,넥스트바이오메디컬,389650,35.318611409764735,32600,33904,31622
KOSDAQ,다날,064260,38.37803727851365,4370,4544,4238
KOSDAQ,선익시스템,171090,48.80991808316881,68900,71656,66833
KOSDAQ,나노신소재,121600,47.13918001874591,51600,53664,50052
KOSDAQ,케어젠,214370,40.3511621482663,40050,41652,38848
KOSDAQ,인벤테라,0007J0,45.8775491675721,14200,14768,13774
KOSDAQ,뷰노,338220,42.890465276364885,5610,5834,5441
KOSDAQ,유니셈,036200,41.791570656368684,9560,9942,9273
KOSDAQ,동국산업,005160,45.95216332995719,3495,3634,3390
KOSDAQ,신성델타테크,065350,48.5897524093498,31350,32604,30409
KOSDAQ,화신정공,126640,41.32279468289307,3850,4004,3734
KOSDAQ,제이에스링크,127120,43.06933420078241,32000,33280,31040
KOSDAQ,코스맥스엔비티,222040,41.32394232555423,7510,7810,7284
KOSDAQ,레이크머티리얼즈,281740,44.987015720391426,10680,11107,10359
KOSDAQ,파이버프로,368770,42.552532615792074,13230,13759,12833
KOSDAQ,에코프로에이치엔,383310,41.1690656419634,21850,22724,21194
KOSDAQ,액스비스,0011A0,44.73250627163489,12190,12677,11824
KOSDAQ,엔켐,348370,32.06530530363935,20200,21008,19594
KOSDAQ,에이디테크놀로지,200710,30.299633149372575,26750,27820,25947
KOSDAQ,형지I&C,011080,44.87435906812651,500,520,485
KOSDAQ,케이엔제이,272110,34.67478058307745,30250,31460,29342
KOSDAQ,대성하이텍,129920,49.07498914080318,6430,6687,6237
KOSDAQ,펨트론,168360,43.16947387921337,14420,14996,13987
KOSDAQ,디아이티,110990,44.94450517037842,17810,18522,17275
KOSDAQ,아바텍,149950,48.61855844735909,12170,12656,11804
KOSDAQ,지어소프트,051160,45.946779456997035,11830,12303,11475
KOSDAQ,디바이스,187870,41.81330612310261,12000,12480,11640
KOSDAQ,엘오티베큠,083310,36.88507420236491,11210,11658,10873
KOSDAQ,드림씨아이에스,223250,49.37951373468641,3345,3478,3244
KOSDAQ,인터플렉스,051370,49.29489181266259,7050,7332,6838
KOSDAQ,슈프리마,236200,48.93224854686405,55400,57616,53738
KOSDAQ,글로벌텍스프리,204620,39.850530967888616,5840,6073,5664
KOSDAQ,TPC로보틱스,048770,44.876608532658835,4220,4388,4093
KOSDAQ,사피엔반도체,452430,47.70031270387929,41100,42744,39867
KOSDAQ,이노스페이스,462350,45.923240228904035,6650,6916,6450
KOSDAQ,아모센스,357580,36.912054027655024,7060,7342,6848
KOSDAQ,삼양엔씨켐,482630,47.64440675533608,13950,14508,13531
KOSDAQ,에임드바이오,0009K0,41.1626939234298,21200,22048,20564
KOSDAQ,이건홀딩스,039020,47.732188830825436,2565,2667,2488
KOSDAQ,한울소재과학,091440,32.190670887095095,3090,3213,2997
KOSDAQ,아이쓰리시스템,214430,33.91835181319207,68600,71344,66542
KOSDAQ,켐트로닉스,089010,48.53625362374303,23450,24388,22746
KOSDAQ,푸드웰,005670,34.29420838912775,6160,6406,5975
KOSDAQ,한양이엔지,045100,40.298342729260725,32150,33436,31185
KOSDAQ,아리바이오홀딩스,290690,43.950454693083174,3975,4134,3855
KOSDAQ,오로스테크놀로지,322310,41.43006542344252,14500,15080,14065
KOSDAQ,컨텍,451760,43.41412537858369,8460,8798,8206
KOSDAQ,마음AI,377480,48.8126695424066,10250,10660,9942
KOSDAQ,오파스넷,173130,41.62986248210291,7520,7820,7294
KOSDAQ,로킷헬스케어,376900,37.95211183562748,28100,29224,27257
KOSDAQ,우주일렉트로,065680,43.408060028649466,27300,28392,26481
KOSDAQ,HB테크놀러지,078150,45.89286175134342,2015,2095,1954
KOSDAQ,나노,187790,41.017745809192604,3050,3172,2958
KOSDAQ,SKAI,357880,40.58483068557366,1942,2019,1883
KOSDAQ,SV인베스트먼트,289080,39.75839949102813,2725,2834,2643
KOSDAQ,에스티아이,039440,33.65489926142287,21400,22256,20758
KOSDAQ,NHN KCP,060250,34.61296889127794,13250,13780,12852
KOSDAQ,하이록코리아,013030,47.11586394348569,37750,39260,36617
KOSDAQ,이뮨온시아,424870,49.72455946855072,3100,3224,3007
KOSDAQ,포톤,208710,46.846557644246126,2855,2969,2769
KOSDAQ,한국비엔씨,256840,48.84251476466078,2650,2756,2570
KOSDAQ,오픈엣지테크놀로지,394280,39.12154021164873,9880,10275,9583
KOSDAQ,브이티,018290,33.67476249340588,11160,11606,10825
KOSDAQ,알트,459550,42.27028407168784,2045,2126,1983
KOSDAQ,한싹,430690,44.13003199001933,2960,3078,2871
KOSDAQ,테라뷰,950250,42.15554494609602,3210,3338,3113
KOSDAQ,비엠티,086670,41.11300117470707,19390,20165,18808
KOSDAQ,지아이이노베이션,358570,44.147448690290304,8890,9245,8623
KOSDAQ,비트플래닛,049470,52.380849381379456,2965,3083,2876
KOSDAQ,셀트리온제약,068760,38.03569793510073,39100,40664,37927
KOSDAQ,이랜시스,264850,37.90481981061753,5710,5938,5538
KOSDAQ,LB세미콘,061970,31.08260227601528,4445,4622,4311
KOSDAQ,시그네틱스,033170,34.12753541185041,2800,2912,2716
KOSDAQ,신스틸,162300,43.853822821976195,2185,2272,2119
KOSDAQ,오스테오닉,226400,37.81467765362807,4030,4191,3909
KOSDAQ,아이크래프트,052460,46.42448806807822,5990,6229,5810
KOSDAQ,SCL사이언스,246960,45.22410615006015,2770,2880,2686
KOSDAQ,큐렉소,060280,40.79590106434863,7870,8184,7633
KOSDAQ,케이엔알시스템,199430,39.28173347068896,18400,19136,17848
KOSDAQ,다이나믹솔루션,290660,44.10313599634214,1428,1485,1385
KOSDAQ,에이프릴바이오,397030,32.99118486903573,18110,18834,17566
KOSDAQ,엠디바이스,226590,52.14435402868687,14730,15319,14288
KOSDAQ,씨메스로보틱스,475400,39.343442557333205,18330,19063,17780
KOSDAQ,레이저쎌,412350,42.064383012450875,5470,5688,5305
KOSDAQ,젬백스,082270,41.37039585894065,10390,10805,10078
KOSDAQ,핀텔,291810,46.52866781430674,1189,1236,1153
KOSDAQ,원텍,336570,38.1216286407142,4880,5075,4733
KOSDAQ,앱클론,174900,42.30988689517924,19710,20498,19118
KOSDAQ,한스바이오메드,042520,32.31161114151405,17830,18543,17295
KOSDAQ,티엑스알로보틱스,484810,35.65145104289639,12050,12532,11688
KOSDAQ,셀바스AI,108860,35.99871965738763,8800,9152,8536
KOSDAQ,인벤티지랩,389470,37.844135531323055,24550,25532,23813
KOSDAQ,가비아,079940,50.00272059235469,40600,42224,39382
KOSDAQ,퀄리타스반도체,432720,47.28205090875337,10750,11180,10427
KOSDAQ,이노테크,469610,38.009135314330386,15610,16234,15141
KOSDAQ,에이엘티,172670,45.76396872058094,13670,14216,13259
KOSDAQ,한빛레이저,452190,42.59352183024172,4700,4888,4559
KOSDAQ,재영솔루텍,049630,35.198159646017885,7030,7311,6819
KOSDAQ,넥슨게임즈,225570,38.21125573219166,10910,11346,10582
KOSDAQ,셀레믹스,331920,42.03651158602713,11400,11856,11058
KOSDAQ,다원넥스뷰,323350,45.802090850452984,10200,10608,9894
KOSDAQ,큐리언트,115180,49.141600894592216,22500,23400,21825
KOSDAQ,세보엠이씨,011560,47.663394334978435,24250,25220,23522
KOSDAQ,서울바이오시스,092190,42.800270692201316,8010,8330,7769
KOSDAQ,엘앤케이바이오,156100,43.80085177245468,5910,6146,5732
KOSDAQ,시노펙스,025320,43.69178332906504,3775,3926,3661
KOSDAQ,매커스,093520,53.54342416103708,29050,30212,28178
KOSDAQ,이랜텍,054210,36.82499730575651,6600,6864,6402
KOSDAQ,라온로보틱스,232680,41.55305724226752,10120,10524,9816
KOSDAQ,에스오에스랩,464080,48.39596964993143,9990,10389,9690
KOSDAQ,대화제약,067080,44.33008381772693,11420,11876,11077
KOSDAQ,키이스트,054780,40.605865180328294,1566,1628,1519
KOSDAQ,자람테크놀로지,389020,41.23069812470127,16210,16858,15723
KOSDAQ,넥스틴,348210,34.7789130369152,33700,35048,32689
KOSDAQ,성도이엔지,037350,41.944569950832935,7720,8028,7488
KOSDAQ,동양파일,228340,44.65890364433912,3450,3588,3346
KOSDAQ,한울반도체,320000,43.41918462544015,10620,11044,10301
KOSDAQ,에스티큐브,052020,46.923625195870244,8010,8330,7769
KOSDAQ,에프앤가이드,064850,47.04474162385103,20300,21112,19691
KOSDAQ,KX하이텍,052900,43.2525416994247,1133,1178,1099
KOSDAQ,차바이오텍,085660,35.34972688846604,8040,8361,7798
KOSDAQ,네오오토,212560,45.035368438716276,10380,10795,10068
KOSDAQ,위메이드,112040,40.422606694160834,15120,15724,14666
KOSDAQ,큐라클,365270,47.01698470657696,9600,9984,9312
KOSDAQ,일진파워,094820,46.205611926968935,11940,12417,11581
KOSDAQ,툴젠,199800,45.88412846916385,33450,34788,32446
KOSDAQ,네오팜,092730,44.52614475644001,23650,24596,22940
KOSDAQ,바이오니아,064550,43.63597036193772,8160,8486,7915
KOSDAQ,LIG아큐버,073490,45.278905404218115,31850,33124,30894
KOSDAQ,뉴프렉스,085670,49.344691940391414,3120,3244,3026
KOSDAQ,동성화인텍,033500,40.507269506308894,16050,16692,15568
KOSDAQ,비투엔,307870,35.19018873276242,1228,1277,1191
KOSDAQ,엔비알모션,0004V0,42.14842693567581,6250,6500,6062
KOSDAQ,서전기전,189860,41.42759282899807,5030,5231,4879
KOSDAQ,어보브반도체,102120,42.154068659315044,7740,8049,7507
KOSDAQ,베뉴지,019010,41.86876697558208,4880,5075,4733
KOSDAQ,유일로보틱스,388720,42.4496378642405,69100,71864,67027
KOSDAQ,제너셈,217190,37.9951728804924,7410,7706,7187
KOSDAQ,형지글로벌,308100,45.49321944397943,292,303,283
KOSDAQ,우진엔텍,457550,42.40089466950137,13960,14518,13541
KOSDAQ,바이오비쥬,489460,42.15781347187659,11900,12376,11543
KOSDAQ,모베이스전자,012860,44.10755466976584,2275,2366,2206
KOSDAQ,에프엔에스테크,083500,38.24097708176315,12230,12719,11863
KOSDAQ,비츠로넥스텍,488900,45.25787604565873,10860,11294,10534
KOSDAQ,아이엘,307180,44.332503801298934,5750,5980,5577
KOSDAQ,유니트론텍,142210,46.80426127917035,6150,6396,5965
KOSDAQ,갤럭시아머니트리,094480,43.61536617234093,5620,5844,5451
KOSDAQ,에스앤디,260970,44.1586909163566,57200,59488,55484
KOSDAQ,대명에너지,389260,35.42072811578102,12840,13353,12454
KOSDAQ,파워넷,037030,43.19480717332643,3625,3770,3516
KOSDAQ,대원미디어,048910,50.76838668583672,7080,7363,6867
KOSDAQ,위메이드맥스,101730,44.62196038239189,4615,4799,4476
KOSDAQ,이노인스트루먼트,215790,48.7718480761915,681,708,660
KOSDAQ,현대힘스,460930,37.13137408628831,13020,13540,12629
KOSDAQ,에이스테크,088800,48.14401787505176,2215,2303,2148
KOSDAQ,퓨쳐켐,220100,42.35567683958499,6260,6510,6072
KOSDAQ,세진티에스,067770,45.20232583852686,1570,1632,1522
KOSDAQ,다우데이타,032190,33.48733572948708,19840,20633,19244
KOSDAQ,삼양컴텍,484590,47.20599173425239,6690,6957,6489
KOSDAQ,파이온엑스,900100,40.995124151351526,1041,1082,1009
KOSDAQ,삼지전자,037460,39.450001998603526,30550,31772,29633
KOSDAQ,크라우드웍스,355390,39.00730283159909,1544,1605,1497
KOSDAQ,파인텍,131760,40.3371523773581,1302,1354,1262
KOSDAQ,마녀공장,439090,33.423208571383185,15410,16026,14947
KOSDAQ,녹십자엠에스,142280,42.19783255002133,3180,3307,3084
KOSDAQ,나무가,190510,40.53468412468273,15720,16348,15248
KOSDAQ,그린리소스,402490,42.27353464798264,7210,7498,6993
KOSDAQ,제테마,216080,41.64258883843544,7230,7519,7013
KOSDAQ,케이엔에스,432470,40.48717138340652,10160,10566,9855
KOSDAQ,신라젠,215600,37.98404103214209,2255,2345,2187
KOSDAQ,빅텍,065450,53.2174190715846,2920,3036,2832
KOSDAQ,에스엔시스,0008Z0,40.02237838444246,23350,24284,22649
KOSDAQ,동운아나텍,094170,39.337839707365866,27200,28288,26384
KOSDAQ,와이씨켐,112290,41.03300519552665,10490,10909,10175
KOSDAQ,나이스정보통신,036800,46.330547053438224,7470,7768,7245
KOSDAQ,페스카로,0015S0,41.171443246757455,7950,8268,7711
KOSDAQ,강동씨앤엘,198440,40.79113319068192,1639,1704,1589
KOSDAQ,대동기어,008830,36.11847381026917,6250,6500,6062
KOSDAQ,AP위성,211270,45.434243464783954,9070,9432,8797
KOSDAQ,월덱스,101160,47.23225480235753,30900,32136,29973
KOSDAQ,RF시스템즈,474610,49.38363071281407,7810,8122,7575
KOSDAQ,야스,255440,48.79015982928286,7450,7748,7226
KOSDAQ,MDS테크,086960,50.90051880060391,2050,2132,1988
KOSDAQ,이지홀딩스,035810,33.55018483461657,4535,4716,4398
KOSDAQ,KH바텍,060720,40.955664469873874,11010,11450,10679
KOSDAQ,피아이이,452450,43.433015673877875,5310,5522,5150
KOSDAQ,GRT,900290,41.415452919945736,3440,3577,3336
KOSDAQ,해성옵틱스,076610,40.735506422265445,1126,1171,1092
KOSDAQ,루미르,474170,47.29526955751341,7060,7342,6848
KOSDAQ,세명전기,017510,43.26254932083092,7870,8184,7633
KOSDAQ,제일일렉트릭,199820,43.63291323585055,7580,7883,7352
KOSDAQ,이지케어텍,099750,45.629974755649236,7000,7280,6790
KOSDAQ,고스트스튜디오,950190,44.58358452837258,9680,10067,9389
KOSDAQ,카티스,140430,45.608617579405134,2535,2636,2458
KOSDAQ,이엔셀,456070,38.07104997085828,6020,6260,5839
KOSDAQ,DSC인베스트먼트,241520,44.98064135884503,8150,8476,7905
KOSDAQ,한국정보인증,053300,50.28044583382344,5060,5262,4908
KOSDAQ,성우하이텍,015750,35.29799353455855,5780,6011,5606
KOSDAQ,앤로보틱스,138360,36.9082528208529,1685,1752,1634
KOSDAQ,수성웹툰,084180,30.508036644848,217,225,210
KOSDAQ,HB솔루션,297890,32.23790451499484,1548,1609,1501
KOSDAQ,에이에프더블류,312610,39.935149888903055,106,110,102
KOSDAQ,큐라티스,348080,48.39285920143494,3955,4113,3836
KOSDAQ,아이로보틱스,066430,48.42648319923891,2095,2178,2032
KOSDAQ,채비,0011T0,45.16537754053244,5490,5709,5325
KOSDAQ,HLB테라퓨틱스,115450,51.45199457998155,1972,2050,1912
KOSDAQ,유바이오로직스,206650,37.08284257883781,8280,8611,8031
KOSDAQ,엔알비,475230,49.85328029622133,10140,10545,9835
KOSDAQ,큐에스아이,066310,43.02256329844638,8240,8569,7992
KOSDAQ,성일하이텍,365340,44.12412614073828,34450,35828,33416
KOSDAQ,대양전기공업,108380,44.17437271309615,18460,19198,17906
KOSDAQ,소프트캠프,258790,48.92297727280843,6920,7196,6712
KOSDAQ,리센스메디컬,394420,36.01735138115267,9760,10150,9467
KOSDAQ,시공테크,020710,51.94042255077343,3690,3837,3579
KOSDAQ,수젠텍,253840,46.176742634898936,4575,4758,4437
KOSDAQ,에코앤드림,101360,43.134563551281005,7700,8008,7469
KOSDAQ,그린광학,0015G0,39.71129435261094,14600,15184,14162
KOSDAQ,지노믹트리,228760,42.576945400076646,11000,11440,10670
KOSDAQ,제이티,089790,50.34004547181181,6120,6364,5936
KOSDAQ,솔트룩스,304100,42.94863225805028,15060,15662,14608
KOSDAQ,인탑스,049070,44.31196231496431,18080,18803,17537
KOSDAQ,MSDI,123010,38.19705824977719,3405,3541,3302
KOSDAQ,디어유,376300,36.42431910743842,17000,17680,16490
KOSDAQ,나노엔텍,039860,41.38199025207642,4185,4352,4059
KOSDAQ,레이언스,228850,49.2333792268337,7920,8236,7682
KOSDAQ,남화토건,091590,40.25068165458012,5960,6198,5781
KOSDAQ,대모,317850,46.324904597642224,6240,6489,6052
