시장,종목명,코드,최종확률,예측시점가격,목표가,손절가
KOSPI,SK스퀘어,402340,50.07786531809284,991000,1030640,961270
KOSPI,산일전기,062040,45.701375718267215,333500,346840,323495
KOSPI,삼성전자우,005935,47.19501306131975,169600,176384,164512
KOSPI,대원전선,006340,47.86597501109596,17350,18044,16829
KOSPI,SK하이닉스,000660,51.201413928341786,1447000,1504880,1403590
KOSPI,한화에어로스페이스,012450,53.896229040583165,1465000,1523600,1421050
KOSPI,삼성전자,005930,47.87776268833162,232500,241800,225525
KOSPI,대한전선,001440,47.978728134128524,60700,63128,58879
KOSPI,삼성전기,009150,48.028307615924085,918000,954720,890460
KOSPI,대우건설,047040,51.130512095590966,32150,33436,31185
KOSPI,한온시스템,018880,49.689646559063796,4850,5044,4704
KOSPI,현대차,005380,47.73311074983618,539000,560560,522830
KOSPI,삼성증권,016360,46.46688249319201,137900,143416,133763
KOSPI,미래에셋증권,006800,50.02094181899108,70300,73112,68191
KOSPI,삼성SDI,006400,53.19484166763052,705000,733200,683850
KOSPI,POSCO홀딩스,005490,50.2842814520868,502000,522080,486940
KOSPI,두산에너빌리티,034020,52.96050709409654,127200,132288,123384
KOSPI,SK증권,001510,48.478779578063026,5190,5397,5034
KOSPI,LS ELECTRIC,010120,54.1051403232941,294000,305760,285180
KOSPI,한미반도체,042700,49.5197091239178,378000,393120,366660
KOSPI,현대로템,064350,52.29317280719906,269000,279760,260930
KOSPI,일진전기,103590,46.474272978642595,144100,149864,139777
KOSPI,HD현대중공업,329180,47.37088037762168,680000,707200,659600
KOSPI,한국항공우주,047810,34.871410219978586,180000,187200,174600
KOSPI,LIG디펜스앤에어로스페이스,079550,49.05623247196663,983000,1022320,953510
KOSPI,효성중공업,298040,54.40025954614913,4228000,4397120,4101160
KOSPI,LG화학,051910,46.23194096489806,429000,446160,416130
KOSPI,KB금융,105560,47.12090974391761,157800,164112,153066
KOSPI,HD현대일렉트릭,267260,53.7479519126197,1299000,1350960,1260030
KOSPI,삼성중공업,010140,55.18216952335386,32250,33540,31282
KOSPI,LG전자,066570,48.971605299671154,143200,148928,138904
KOSPI,삼성물산,028260,48.168792960083195,320000,332800,310400
KOSPI,엘앤에프,066970,49.63217224627525,213000,221520,206610
KOSPI,한화오션,042660,51.14998734609888,133000,138320,129010
KOSPI,LG에너지솔루션,373220,48.496733876280025,472000,490880,457840
KOSPI,남해화학,025860,47.40182175151775,11610,12074,11261
KOSPI,한화솔루션,009830,50.95856182954795,49900,51896,48403
KOSPI,LS,006260,51.54061360685937,509000,529360,493730
KOSPI,삼성생명,032830,46.62632185297136,265000,275600,257050
KOSPI,NAVER,035420,49.415336340832255,209000,217360,202730
KOSPI,SK이노베이션,096770,53.590397705158786,145700,151528,141329
KOSPI,신한지주,055550,41.286886259110545,98000,101920,95060
KOSPI,DL이앤씨,375500,49.7731994612458,91300,94952,88561
KOSPI,이수페타시스,007660,56.69924011471682,149000,154960,144530
KOSPI,한화투자증권,003530,53.703627285471796,8190,8517,7944
KOSPI,현대건설,000720,42.83033953615868,159400,165776,154618
KOSPI,포스코퓨처엠,003670,50.19483531390462,267000,277680,258990
KOSPI,삼성E&A,028050,51.16326236219382,55000,57200,53350
KOSPI,LG이노텍,011070,59.705208809412284,595000,618800,577150
KOSPI,SK,034730,47.00183725046308,475500,494520,461235
KOSPI,에코프로머티,450080,46.7489047198383,84800,88192,82256
KOSPI,에이피알,278470,48.47453192483337,428500,445640,415645
KOSPI,두산,000150,48.26527668575372,1705000,1773200,1653850
KOSPI,HD현대에너지솔루션,322000,50.2017860053231,221000,229840,214370
KOSPI,삼성바이오로직스,207940,41.70568130965261,1485000,1544400,1440450
KOSPI,유안타증권,003470,52.643709913721956,6030,6271,5849
KOSPI,키움증권,039490,54.64176658074631,422500,439400,409825
KOSPI,크래프톤,259960,46.05580139606805,288500,300040,279845
KOSPI,셀트리온,068270,44.34534480592255,197800,205712,191866
KOSPI,기아,000270,45.965652755908685,154000,160160,149380
KOSPI,한국금융지주,071050,48.59878200682074,262000,272480,254140
KOSPI,GS건설,006360,50.86071303260723,35950,37388,34871
KOSPI,한국전력,015760,47.689771574169086,44500,46280,43165
KOSPI,한화비전,489790,54.02496168293083,88700,92248,86039
KOSPI,포스코인터내셔널,047050,46.56644440325633,87300,90792,84681
KOSPI,후성,093370,52.07980407650895,14130,14695,13706
KOSPI,롯데에너지머티리얼즈,020150,48.24560106577512,78500,81640,76145
KOSPI,OCI홀딩스,010060,50.19366920500483,355500,369720,344835
KOSPI,LG생활건강,051900,50.62672364107215,279500,290680,271115
KOSPI,삼양식품,003230,51.24655353054068,1316000,1368640,1276520
KOSPI,한화엔진,082740,38.38399627274823,89500,93080,86815
KOSPI,하나금융지주,086790,49.182494951873615,126600,131664,122802
KOSPI,현대모비스,012330,47.474104098521266,431500,448760,418555
KOSPI,하이브,352820,50.36208113190157,257500,267800,249775
KOSPI,DB하이텍,000990,45.344559165685595,161700,168168,156849
KOSPI,NH투자증권,005940,49.37666963900767,36450,37908,35356
KOSPI,SKC,011790,49.282028131912966,124000,128960,120280
KOSPI,한화시스템,272210,33.89973577834732,119700,124488,116109
KOSPI,SK네트웍스,001740,41.6332894913501,6590,6853,6392
KOSPI,HD현대,267250,51.927096924885596,302500,314600,293425
KOSPI,대덕전자,353200,46.986432468349406,114400,118976,110968
KOSPI,S-Oil,010950,55.25563277274734,128000,133120,124160
KOSPI,파미셀,005690,52.978051964951526,20250,21060,19642
KOSPI,카카오,035720,49.153988850138965,47100,48984,45687
KOSPI,두산퓨얼셀,336260,44.01042535061179,60600,63024,58782
KOSPI,두산로보틱스,454910,52.67000694438606,107800,112112,104566
KOSPI,우리금융지주,316140,47.3512171861081,33300,34632,32301
KOSPI,LS에코에너지,229640,49.9341036670504,90400,94016,87688
KOSPI,유니퀘스트,077500,53.70244655087938,8500,8840,8245
KOSPI,삼성화재,000810,46.29611499732509,473500,492440,459295
KOSPI,HD건설기계,267270,46.73649538046965,191100,198744,185367
KOSPI,가온전선,000500,44.84649761538623,288500,300040,279845
KOSPI,현대제철,004020,50.63986498464166,43050,44772,41758
KOSPI,HD현대마린솔루션,443060,42.21829333083209,269500,280280,261415
KOSPI,롯데케미칼,011170,56.55321011866792,106200,110448,103014
KOSPI,HD한국조선해양,009540,47.367458195985726,469500,488280,455415
KOSPI,와이투솔루션,011690,48.548511472025226,8900,9256,8633
KOSPI,고려아연,010130,39.6879037731426,1629000,1694160,1580130
KOSPI,LG디스플레이,034220,51.00189194737854,12310,12802,11940
KOSPI,KT&G,033780,47.43587336834639,179600,186784,174212
KOSPI,SK텔레콤,017670,36.08398508336632,97400,101296,94478
KOSPI,비에이치,090460,51.98760120662263,31950,33228,30991
KOSPI,SK이터닉스,475150,47.717201264412246,55200,57408,53544
KOSPI,HMM,011200,52.582259819319546,21150,21996,20515
KOSPI,삼성전기우,009155,53.18496130344914,376000,391040,364720
KOSPI,한미약품,128940,47.54723765824443,445000,462800,431650
KOSPI,현대차2우B,005387,47.94376293988692,249500,259480,242015
KOSPI,STX엔진,077970,39.918729748752455,60000,62400,58200
KOSPI,현대글로비스,086280,50.997310413171746,225500,234520,218735
KOSPI,현대오토에버,307950,44.26726503713682,446000,463840,432620
KOSPI,한화,000880,47.204432087778024,139900,145496,135703
KOSPI,이수스페셜티케미컬,457190,48.31617397900256,123600,128544,119892
KOSPI,일진홀딩스,015860,52.184108679902394,13410,13946,13007
KOSPI,PI첨단소재,178920,54.733294921575194,30500,31720,29585
KOSPI,코오롱인더,120110,48.20505067847607,93800,97552,90986
KOSPI,아모레퍼시픽,090430,51.743585969015136,134300,139672,130271
KOSPI,알루코,001780,51.92808357994794,3100,3224,3007
KOSPI,이구산업,025820,48.11842631126043,6540,6801,6343
KOSPI,유진투자증권,001200,49.88611457388419,5980,6219,5800
KOSPI,풍산,103140,49.89329503162059,100300,104312,97291
KOSPI,대원전선우,006345,49.54686501490057,12920,13436,12532
KOSPI,HJ중공업,097230,49.345061166689995,28800,29952,27936
KOSPI,삼성에피스홀딩스,0126Z0,48.107359360235805,529000,550160,513130
KOSPI,NC,036570,55.68592238379537,267500,278200,259475
KOSPI,서원,021050,49.50146767672651,1849,1922,1793
KOSPI,맥쿼리인프라,088980,38.317875785153596,11300,11752,10961
KOSPI,F&F,383220,53.866944540664775,76600,79664,74302
KOSPI,포스코스틸리온,058430,53.02871466600298,8110,8434,7866
KOSPI,우진,105840,47.814199768762236,28700,29848,27839
KOSPI,LG,003550,45.64039672992944,102300,106392,99231
KOSPI,대한항공,003490,47.09450339819339,24500,25480,23765
KOSPI,유한양행,000100,44.8065785057535,90500,94120,87785
KOSPI,한전기술,052690,45.88567263122385,186300,193752,180711
KOSPI,대창,012800,51.1731271165185,1761,1831,1708
KOSPI,씨에스윈드,112610,46.77261227283168,69700,72488,67609
KOSPI,GS글로벌,001250,57.90385288831449,4665,4851,4525
KOSPI,호텔신라,008770,52.590069745787545,64800,67392,62856
KOSPI,신세계,004170,51.26715116267078,410500,426920,398185
KOSPI,삼성에스디에스,018260,50.16059485748201,166900,173576,161893
KOSPI,기업은행,024110,47.26105457304263,22100,22984,21437
KOSPI,삼영,003720,53.74647778980148,12500,13000,12125
KOSPI,대한해운,005880,48.14447238395964,2600,2704,2522
KOSPI,코리아써키트,007810,49.425299986658494,91400,95056,88658
KOSPI,한화생명,088350,44.63967710775675,5040,5241,4888
KOSPI,DN오토모티브,007340,54.93160620977362,51100,53144,49567
KOSPI,팬오션,028670,55.79725229922189,5640,5865,5470
KOSPI,삼화전기,009470,44.814059115614,48600,50544,47142
KOSPI,해성디에스,195870,49.4107905935046,79500,82680,77115
KOSPI,DB손해보험,005830,43.08010749822483,166800,173472,161796
KOSPI,LG씨엔에스,064400,39.639028379389096,65900,68536,63923
KOSPI,BNK금융지주,138930,46.86514245221345,18200,18928,17654
KOSPI,퍼스텍,010820,50.021535203460544,14270,14840,13841
KOSPI,경인양행,012610,50.35343750498078,5630,5855,5461
KOSPI,코스모신소재,005070,47.05587714299103,62700,65208,60819
KOSPI,한국타이어앤테크놀로지,161390,46.756790809855175,61500,63960,59655
KOSPI,달바글로벌,483650,53.06862319454893,223500,232440,216795
KOSPI,CJ,001040,48.345080681568945,224500,233480,217765
KOSPI,GS,078930,53.64410891988497,80900,84136,78473
KOSPI,카카오뱅크,323410,39.27948786261902,24400,25376,23668
KOSPI,현대엘리베이터,017800,47.34905897423409,100100,104104,97097
KOSPI,HD현대마린엔진,071970,45.82889963857825,107100,111384,103887
KOSPI,메리츠금융지주,138040,47.33158811703535,113400,117936,109998
KOSPI,티엠씨,217590,45.93096557682828,30950,32188,30021
KOSPI,효성,004800,55.412985122165196,221000,229840,214370
KOSPI,세아베스틸지주,001430,48.56670460604905,71800,74672,69646
KOSPI,넥스틸,092790,54.465321871472284,18800,19552,18236
KOSPI,HL만도,204320,45.2057635102436,58000,60320,56260
KOSPI,이마트,139480,45.63149693012257,105900,110136,102723
KOSPI,한신기계,011700,52.9581350160055,4965,5163,4816
KOSPI,현대차우,005385,45.79401696345061,249000,258960,241530
KOSPI,미래에셋증권2우B,00680K,49.130169760206066,20550,21372,19933
KOSPI,흥아해운,003280,48.392336947672476,2880,2995,2793
KOSPI,조일알미늄,018470,51.85310410621019,1770,1840,1716
KOSPI,롯데쇼핑,023530,52.17902904876417,138500,144040,134345
KOSPI,휴스틸,005010,52.767999768352816,6640,6905,6440
KOSPI,KCC,002380,46.353718222884076,574000,596960,556780
KOSPI,쏘카,403550,31.589338916554382,16460,17118,15966
KOSPI,두산밥캣,241560,47.360793675961965,74000,76960,71780
KOSPI,삼아알미늄,006110,53.136624956819425,66800,69472,64796
KOSPI,SK오션플랜트,100090,51.238906795600535,23500,24440,22795
KOSPI,한국카본,017960,46.43927672365257,48800,50752,47336
KOSPI,iM금융지주,139130,47.57869415595025,19300,20072,18721
KOSPI,SNT에너지,100840,39.5105233967911,58600,60944,56842
KOSPI,SK바이오팜,326030,48.897967328368416,99300,103272,96321
KOSPI,KG케미칼,001390,52.5791761612721,6550,6812,6353
KOSPI,KT,030200,37.00198573304563,60600,63024,58782
KOSPI,효성티앤씨,298020,49.131606106832514,512000,532480,496640
KOSPI,코스맥스,192820,49.285820949021826,209000,217360,202730
KOSPI,CJ제일제당,097950,55.38469048650114,241000,250640,233770
KOSPI,솔루스첨단소재,336370,53.381977520563225,13660,14206,13250
KOSPI,이수화학,005950,44.04347982460716,11270,11720,10931
KOSPI,삼성SDI우,006405,50.88825928233797,355500,369720,344835
KOSPI,에스원,012750,40.74044924685118,78300,81432,75951
KOSPI,현대해상,001450,57.418190359767266,31250,32500,30312
KOSPI,동국제강,460860,56.10536651274758,14710,15298,14268
KOSPI,한올바이오파마,009420,51.71390102288791,46300,48152,44911
KOSPI,OCI,456040,56.836543584481966,144300,150072,139971
KOSPI,두산우,000155,49.740906917200036,682000,709280,661540
KOSPI,한국콜마,161890,51.120622188845076,88700,92248,86039
KOSPI,LG화학우,051915,51.09550940987974,196100,203944,190217
KOSPI,금호석유화학,011780,53.897087185685486,144400,150176,140068
KOSPI,포스코DX,022100,33.65411420309765,35350,36764,34289
KOSPI,한솔케미칼,014680,46.24831186498475,286500,297960,277905
KOSPI,코웨이,021240,47.94644807932278,86700,90168,84099
KOSPI,한전KPS,051600,46.270705942166636,61400,63856,59558
KOSPI,대한유화,006650,47.311674621514854,179900,187096,174503
KOSPI,현대위아,011210,46.74943232647585,82900,86216,80413
KOSPI,카카오페이,377300,36.808512531054504,56000,58240,54320
KOSPI,SK가스,018670,50.407180225639735,266500,277160,258505
KOSPI,롯데지주,004990,52.84144288089697,30050,31252,29148
KOSPI,오리온,271560,49.86402990001862,142800,148512,138516
KOSPI,솔루엠,248070,50.798605000258114,20850,21684,20224
KOSPI,대한조선,439260,46.3524888191495,89500,93080,86815
KOSPI,강원랜드,035250,46.69063289055417,16950,17628,16441
KOSPI,삼화콘덴서,001820,49.951727817697325,68400,71136,66348
KOSPI,KG스틸,016380,52.39403913736306,6990,7269,6780
KOSPI,롯데관광개발,032350,53.67054997482295,20850,21684,20224
KOSPI,현대백화점,069960,49.264823753481345,111700,116168,108349
KOSPI,현대차증권,001500,52.990956997402265,11650,12116,11300
KOSPI,자화전자,033240,48.863451638372645,47700,49608,46269
KOSPI,케이씨텍,281820,47.9365461673682,66500,69160,64505
KOSPI,대신증권,003540,50.10525361987378,39950,41548,38751
KOSPI,LX하우시스,108670,47.46293002062447,42500,44200,41225
KOSPI,LX세미콘,108320,53.7925154540432,63100,65624,61207
KOSPI,LG전자우,066575,50.25884197054486,61400,63856,59558
KOSPI,진흥기업,002780,56.57307339673145,1360,1414,1319
KOSPI,남선알미늄,008350,38.24601997411029,2110,2194,2046
KOSPI,세아제강지주,003030,50.889740635019365,229000,238160,222130
KOSPI,롯데정밀화학,004000,59.706071775725015,66600,69264,64602
KOSPI,한전산업,130660,39.30362913155429,20600,21424,19982
KOSPI,DL,000210,51.60293022806302,67400,70096,65378
KOSPI,한화갤러리아,452260,49.40097834750448,3025,3146,2934
KOSPI,KG모빌리티,003620,47.08993096229764,4440,4617,4306
KOSPI,교보증권,030610,50.99445575338451,14710,15298,14268
KOSPI,한국가스공사,036460,55.49938209102987,38600,40144,37442
KOSPI,넷마블,251270,53.28728820519013,49500,51480,48015
KOSPI,SK증권우,001515,49.91914984270436,12760,13270,12377
KOSPI,동방,004140,47.0284638370891,2970,3088,2880
KOSPI,LG유플러스,032640,47.35769256656631,15990,16629,15510
KOSPI,제일기획,030000,47.568172643336574,19750,20540,19157
KOSPI,한진칼,180640,47.36739829904979,112300,116792,108931
KOSPI,디아이,003160,35.83973821707841,33800,35152,32786
KOSPI,삼성화재우,000815,52.183507252936955,373000,387920,361810
KOSPI,한미글로벌,053690,42.0748731682751,27700,28808,26869
KOSPI,JB금융지주,175330,44.91487038991365,27350,28444,26529
KOSPI,한솔테크닉스,004710,51.90308999264207,8260,8590,8012
KOSPI,농심,004370,49.85974135698462,381000,396240,369570
KOSPI,명신산업,009900,52.8873028785267,13280,13811,12881
KOSPI,파라다이스,034230,54.37248905743428,15850,16484,15374
KOSPI,코스모화학,005420,46.532674610618876,18410,19146,17857
KOSPI,더블유게임즈,192080,51.12186192660673,61300,63752,59461
KOSPI,상상인증권,001290,46.33579006463848,1336,1389,1295
KOSPI,SGC에너지,005090,46.377542457774155,60500,62920,58685
KOSPI,한농화성,011500,50.01072694430131,23700,24648,22989
KOSPI,SK아이이테크놀로지,361610,51.36638358904415,26800,27872,25996
KOSPI,대동,000490,51.44017604824862,10610,11034,10291
KOSPI,SIMPAC,009160,53.8528418240702,6440,6697,6246
KOSPI,GS피앤엘,499790,50.83096455208348,55200,57408,53544
KOSPI,HS효성첨단소재,298050,50.87235696004895,267000,277680,258990
KOSPI,현대약품,004310,47.919472265385124,8590,8933,8332
KOSPI,에스엘,005850,46.24164919260107,63700,66248,61789
KOSPI,미스토홀딩스,081660,50.23098733927589,40350,41964,39139
KOSPI,화천기계,010660,53.181325823156776,4725,4914,4583
KOSPI,세아제강,306200,48.70680506470853,179800,186992,174406
KOSPI,애경케미칼,161000,50.39118794405152,15110,15714,14656
KOSPI,롯데손해보험,000400,54.755377149743154,2195,2282,2129
KOSPI,코오롱,002020,48.89339307870754,69900,72696,67803
KOSPI,유니드,014830,52.262795483286936,90500,94120,87785
KOSPI,삼성카드,029780,52.18608102463473,52500,54600,50925
KOSPI,한국석유,004090,45.40560345131925,15500,16120,15035
KOSPI,영원무역,111770,45.28374694965978,85500,88920,82935
KOSPI,롯데칠성,005300,50.63164552848557,126400,131456,122608
KOSPI,KB스타리츠,432320,49.88556489702496,2020,2100,1959
KOSPI,WISCOM,024070,35.200235627231066,2810,2922,2725
KOSPI,금호타이어,073240,44.17654052186975,5670,5896,5499
KOSPI,LX인터내셔널,001120,50.268506571061124,52300,54392,50731
KOSPI,DS단석,017860,53.9390315906203,23900,24856,23183
KOSPI,부광약품,003000,41.40515789318571,6290,6541,6101
KOSPI,BGF리테일,282330,58.01489426672466,132400,137696,128428
KOSPI,TCC스틸,002710,52.32681793777205,19980,20779,19380
KOSPI,TYM,002900,45.313940755644325,8320,8652,8070
KOSPI,조비,001550,48.745781280634645,15650,16276,15180
KOSPI,경동나비엔,009450,52.20963909888137,76900,79976,74593
KOSPI,휴니드,005870,45.237114029026635,9030,9391,8759
KOSPI,LS네트웍스,000680,57.928969135134544,4210,4378,4083
KOSPI,세진중공업,075580,44.07948405340012,20300,21112,19691
KOSPI,신영증권,001720,49.58348600994886,206500,214760,200305
KOSPI,태양금속,004100,49.55704171174267,3410,3546,3307
KOSPI,GKL,114090,47.116953251568724,12380,12875,12008
KOSPI,한국금융지주우,071055,47.5455840620348,181900,189176,176443
KOSPI,CJ대한통운,000120,46.300830360714706,101300,105352,98261
KOSPI,SK리츠,395400,49.83220763143423,6490,6749,6295
KOSPI,신세계 I&C,035510,52.628836724901475,20800,21632,20176
KOSPI,풍산홀딩스,005810,50.18243298967987,46200,48048,44814
KOSPI,송원산업,004430,34.15302601579175,15750,16380,15277
KOSPI,SP삼화,000390,44.548447891728514,9260,9630,8982
KOSPI,코리안리,003690,53.12206605184691,12170,12656,11804
KOSPI,현대차3우B,005389,47.897461694627246,241000,250640,233770
KOSPI,전진건설로봇,079900,40.6370044706608,63900,66456,61983
KOSPI,다우기술,023590,46.92709926286261,47700,49608,46269
KOSPI,미래에셋증권우,006805,47.49304025255384,22550,23452,21873
KOSPI,NH투자증권우,005945,45.08564218068123,28200,29328,27354
KOSPI,IPARK현대산업개발,294870,49.19626909586407,22600,23504,21922
KOSPI,DB증권,016610,48.552886638919915,14510,15090,14074
KOSPI,일동제약,249420,38.41921334582391,25950,26988,25171
KOSPI,수산인더스트리,126720,51.08123751333198,35700,37128,34629
KOSPI,수산세보틱스,017550,50.97535224275814,3080,3203,2987
KOSPI,한샘,009240,52.71765188483884,41850,43524,40594
KOSPI,SNT다이내믹스,003570,52.26032545477073,59300,61672,57521
KOSPI,한화손해보험,000370,50.452858127110126,6850,7124,6644
KOSPI,한섬,020000,50.849411623403064,26400,27456,25608
KOSPI,삼일제약,000520,40.64786877625113,9180,9547,8904
KOSPI,HS효성,487570,49.277682732290565,66600,69264,64602
KOSPI,KBI동양철관,008970,51.8694787370833,1860,1934,1804
KOSPI,삼성제약,001360,52.535347412598995,1992,2071,1932
KOSPI,대웅제약,069620,42.880976373823046,147700,153608,143269
KOSPI,SK바이오사이언스,302440,48.88546545081918,43300,45032,42001
KOSPI,오리온홀딩스,001800,52.450094416608586,24900,25896,24153
KOSPI,화신,010690,47.666814765815126,12430,12927,12057
KOSPI,더존비즈온,012510,58.060072900506924,120000,124800,116400
KOSPI,SK우,03473K,51.44215129498539,326000,339040,316220
KOSPI,SNT모티브,064960,48.82186418030271,34500,35880,33465
KOSPI,LG생활건강우,051905,53.77933753837427,118300,123032,114751
KOSPI,대성에너지,117580,48.421408740166214,8910,9266,8642
KOSPI,문배철강,008420,55.35949781943494,2985,3104,2895
KOSPI,한국앤컴퍼니,000240,48.95167839014489,25300,26312,24541
KOSPI,녹십자,006280,39.528047452693144,137500,143000,133375
KOSPI,PKC,001340,49.43917292544246,7390,7685,7168
KOSPI,두올,016740,45.80473985308779,4780,4971,4636
KOSPI,DI동일,001530,53.861721488875425,30500,31720,29585
KOSPI,부국철강,026940,52.0139592452294,2910,3026,2822
KOSPI,빙그레,005180,48.87956865478644,74400,77376,72168
KOSPI,세방전지,004490,49.91395514679535,67100,69784,65087
KOSPI,DB,012030,50.683827764240775,1970,2048,1910
KOSPI,롯데웰푸드,280360,49.477676620538055,121200,126048,117564
KOSPI,경농,002100,50.122515450681014,10600,11024,10282
KOSPI,대신증권우,003545,48.61962038939264,23950,24908,23231
KOSPI,삼양바이오팜,0120G0,51.06881759420552,73600,76544,71392
KOSPI,동원산업,006040,51.483382833691316,38550,40092,37393
KOSPI,영원무역홀딩스,009970,44.44418681443481,211500,219960,205155
KOSPI,KSS해운,044450,51.095777244267325,12760,13270,12377
KOSPI,아모레퍼시픽홀딩스,002790,51.47485365493267,28550,29692,27693
KOSPI,한국단자,025540,50.37263631892623,88600,92144,85942
KOSPI,디와이파워,210540,49.16739161484587,16300,16952,15811
KOSPI,GS리테일,007070,53.607819894297414,23050,23972,22358
KOSPI,디아이씨,092200,47.07994022585874,7460,7758,7236
KOSPI,서울보증보험,031210,46.95104660414689,47150,49036,45735
KOSPI,HDC,012630,50.037257146675685,28100,29224,27257
KOSPI,혜인,003010,46.53085357315834,7260,7550,7042
KOSPI,현대지에프홀딩스,005440,48.12550753041342,14720,15308,14278
KOSPI,부국증권,001270,50.647776629068055,76400,79456,74108
KOSPI,한화3우B,00088K,42.55256500723888,50500,52520,48985
KOSPI,일신석재,007110,52.96244529891073,1716,1784,1664
KOSPI,신원,009270,52.42140096550509,1418,1474,1375
KOSPI,웅진,016880,51.98565954624165,2935,3052,2846
KOSPI,신한알파리츠,293940,52.48239123001659,5870,6104,5693
KOSPI,영풍,000670,48.73370484656368,67500,70200,65475
KOSPI,보령,003850,50.35397195771698,10010,10410,9709
KOSPI,롯데리츠,330590,40.184695281107444,4270,4440,4141
KOSPI,선진,136490,44.13211436364619,11220,11668,10883
KOSPI,대성산업,128820,54.4874961222381,7170,7456,6954
KOSPI,현대비앤지스틸,004560,47.548258016110054,17500,18200,16975
KOSPI,한미사이언스,008930,38.83942193575085,38050,39572,36908
KOSPI,케이카,381970,52.8262700131397,10800,11232,10476
KOSPI,KCTC,009070,43.689260123999155,6010,6250,5829
KOSPI,제주은행,006220,38.82360733868748,12470,12968,12095
KOSPI,CJ CGV,079160,54.42696105196841,4965,5163,4816
KOSPI,현대코퍼레이션,011760,52.42407117946593,30100,31304,29197
KOSPI,종근당,185750,41.3032692016097,86100,89544,83517
KOSPI,계룡건설,013580,50.73074195637146,28700,29848,27839
KOSPI,SK케미칼,285130,51.89608992094152,59700,62088,57909
KOSPI,동국씨엠,460850,44.655015518861795,6690,6957,6489
KOSPI,하이스틸,071090,52.600034562885845,4610,4794,4471
KOSPI,롯데이노베이트,286940,53.416438561751846,22900,23816,22213
KOSPI,다올투자증권,030210,50.64821063053163,4625,4810,4486
KOSPI,하나투어,039130,51.38692025193865,41800,43472,40546
KOSPI,한일철강,002220,49.93923882498309,5740,5969,5567
KOSPI,벽산,007210,53.55456268361885,2180,2267,2114
KOSPI,신풍제약,019170,52.57638577699064,11440,11897,11096
KOSPI,동서,026960,44.046120075091046,26200,27248,25414
KOSPI,성신양회,004980,53.343446579485274,11530,11991,11184
KOSPI,ESR켄달스퀘어리츠,365550,46.42670240748019,4385,4560,4253
KOSPI,TKG휴켐스,069260,50.05134009721181,18440,19177,17886
KOSPI,NHN,181710,50.861309561528664,40600,42224,39382
KOSPI,대상,001680,46.931520872072305,20450,21268,19836
KOSPI,동원금속,018500,49.51866936788957,1903,1979,1845
KOSPI,동양생명,082640,39.71884985291595,8250,8580,8002
KOSPI,AJ네트웍스,095570,40.21565819568266,5090,5293,4937
KOSPI,삼천리,004690,47.081074316112684,148500,154440,144045
KOSPI,JW중외제약,001060,38.58370588213621,30700,31928,29779
KOSPI,국도화학,007690,51.53434098878924,40900,42536,39673
KOSPI,티에이치엔,019180,44.20828641681728,7510,7810,7284
KOSPI,이노션,214320,49.05134741519866,19600,20384,19012
KOSPI,하이트진로,000080,46.57313718512858,17070,17752,16557
KOSPI,아이에스동서,010780,46.5327325153024,26050,27092,25268
KOSPI,동아지질,028100,49.508084885183685,18520,19260,17964
KOSPI,동원시스템즈,014820,53.429684301321515,27600,28704,26772
KOSPI,한솔제지,213500,46.94198986384342,8280,8611,8031
KOSPI,드림텍,192650,41.22482420717343,6790,7061,6586
KOSPI,율촌화학,008730,48.14656591094252,26000,27040,25220
KOSPI,YG PLUS,037270,46.69667803389031,5050,5252,4898
KOSPI,유화증권,003460,55.07903225379363,3660,3806,3550
KOSPI,한화리츠,451800,41.39570758228624,5670,5896,5499
KOSPI,LX하우시스우,108675,42.14010594567239,19940,20737,19341
KOSPI,광동제약,009290,47.72980697308289,8350,8684,8099
KOSPI,S-Oil우,010955,50.70268867505019,59500,61880,57715
KOSPI,한일시멘트,300720,47.638933221811506,17300,17992,16781
KOSPI,코람코더원리츠,417310,48.96245795457432,10210,10618,9903
KOSPI,미래에셋생명,085620,46.707988033735205,16440,17097,15946
KOSPI,주성코퍼레이션,109070,48.482568697216244,1670,1736,1619
KOSPI,에이블씨엔씨,078520,53.019031622546066,14250,14820,13822
KOSPI,시프트업,462870,54.401442738399794,33350,34684,32349
KOSPI,무림P&P,009580,50.863531072951275,2995,3114,2905
KOSPI,오뚜기,007310,48.056905958862416,364000,378560,353080
KOSPI,제이에스코퍼레이션,194370,52.86367810118659,14760,15350,14317
KOSPI,대현,016090,56.82609937243139,1838,1911,1782
KOSPI,한국쉘석유,002960,39.34929923628084,495500,515320,480635
KOSPI,화승코퍼레이션,013520,53.38034077539774,3365,3499,3264
KOSPI,STX그린로지스,465770,48.70255836790483,4020,4180,3899
KOSPI,덴티움,145720,46.32539268000631,52800,54912,51216
KOSPI,CJ4우(전환),00104K,48.372828992553295,193000,200720,187210
KOSPI,LX홀딩스,383800,52.70074964888182,9200,9568,8924
KOSPI,넥센타이어,002350,45.74627688256518,7350,7644,7129
KOSPI,한신공영,004960,31.910839614332765,14420,14996,13987
KOSPI,현대홈쇼핑,057050,49.74030365643215,85500,88920,82935
KOSPI,NI스틸,008260,41.34526428906774,4100,4264,3977
KOSPI,테이팩스,055490,56.65941784318376,21100,21944,20467
KOSPI,대영포장,014160,52.64012987295838,1177,1224,1141
KOSPI,NICE평가정보,030190,52.556843009918296,15030,15631,14579
KOSPI,일진하이솔루스,271940,52.522625404771304,18040,18761,17498
KOSPI,E1,017940,45.31266427813673,104400,108576,101268
KOSPI,태광산업,003240,44.93557538413656,1190000,1237600,1154300
KOSPI,휴비스,079980,55.57709351594855,3385,3520,3283
KOSPI,한화투자증권우,003535,58.83127426659487,9450,9828,9166
KOSPI,제주항공,089590,51.63294450193507,5320,5532,5160
KOSPI,극동유화,014530,52.19355246054312,3895,4050,3778
KOSPI,아세아제지,002310,32.080966403895175,8920,9276,8652
KOSPI,토니모리,214420,48.84762871275525,7550,7852,7323
KOSPI,한솔로지스틱스,009180,52.65749589034532,3350,3484,3249
KOSPI,태경비케이,014580,52.78038263613865,4835,5028,4689
KOSPI,유안타증권우,003475,54.902916101201214,4700,4888,4559
KOSPI,한양증권,001750,51.42811587673318,29150,30316,28275
KOSPI,SNT홀딩스,036530,42.09768431092844,61100,63544,59267
KOSPI,DL이앤씨우,37550K,46.148899799508975,29450,30628,28566
KOSPI,프레스티지바이오파마,950210,42.87914049357352,8600,8944,8342
KOSPI,동부건설,005960,49.68025840175906,9540,9921,9253
KOSPI,성문전자,014910,58.74353277188447,1908,1984,1850
KOSPI,대창단조,015230,40.94723070980206,7300,7592,7081
KOSPI,대양금속,009190,53.5049933782758,1539,1600,1492
KOSPI,SK디스커버리,006120,42.11541835018985,55600,57824,53932
KOSPI,DL이앤씨2우(전환),37550L,52.15241170480132,54400,56576,52768
KOSPI,모나리자,012690,46.42872138833846,2395,2490,2323
KOSPI,BGF,027410,52.677617307163516,5290,5501,5131
KOSPI,트리니티항공,091810,45.552148093350695,910,946,882
KOSPI,삼성물산우B,02826K,47.882916246369064,195100,202904,189247
KOSPI,금호에이치티,214330,33.242101128932546,3605,3749,3496
KOSPI,한국공항,005430,48.65154948019432,58700,61048,56939
KOSPI,SJG세종,033530,39.77524768684057,7890,8205,7653
KOSPI,엠앤씨솔루션,484870,48.76569367916266,114500,119080,111065
KOSPI,NICE,034310,47.1412395508852,14760,15350,14317
KOSPI,도화엔지니어링,002150,48.71280565446101,6940,7217,6731
KOSPI,경동인베스트,012320,51.52781972546925,67000,69680,64990
KOSPI,신송홀딩스,006880,48.468271440707404,7190,7477,6974
KOSPI,KTcs,058850,51.09250807149878,2685,2792,2604
KOSPI,대덕,008060,51.692215183996694,16400,17056,15908
KOSPI,대웅,003090,45.013538988081905,22400,23296,21728
KOSPI,동아에스티,170900,44.869390967724556,43600,45344,42292
KOSPI,지역난방공사,071320,43.064957875449196,76300,79352,74011
KOSPI,KB발해인프라,415640,51.933349254739824,9990,10389,9690
KOSPI,한국화장품제조,003350,50.4287355501311,10090,10493,9787
KOSPI,동원수산,030720,42.059194083851,7620,7924,7391
KOSPI,씨케이솔루션,480370,51.53607479572826,2570,2672,2492
KOSPI,대한제강,084010,52.06279035237136,12410,12906,12037
KOSPI,금호전기,001210,50.229666991612454,921,957,893
KOSPI,롯데렌탈,089860,45.31447614823038,33000,34320,32010
KOSPI,아진전자부품,009320,45.58727213499767,1168,1214,1132
KOSPI,삼성FN리츠,448730,39.771337227106415,5770,6000,5596
KOSPI,맵스리얼티,094800,40.473061568630406,7000,7280,6790
KOSPI,에스디바이오센서,137310,42.85637781923988,8210,8538,7963
KOSPI,엘브이엠씨홀딩스,900140,48.506366527685266,1695,1762,1644
KOSPI,SK이노베이션우,096775,51.374540305949104,79000,82160,76630
KOSPI,HDC현대EP,089470,53.736877899709626,5780,6011,5606
KOSPI,서연이화,200880,44.36938515463568,14310,14882,13880
KOSPI,진에어,272450,44.738571924043036,6300,6552,6111
KOSPI,태영건설,009410,49.897340263407294,1972,2050,1912
KOSPI,INVENI,015360,49.87656297039026,16210,16858,15723
KOSPI,두산2우B,000157,49.579217237025865,601000,625040,582970
KOSPI,신세계인터내셔날,031430,54.109704193940274,14860,15454,14414
KOSPI,코람코라이프인프라리츠,357120,42.57012524300406,4585,4768,4447
KOSPI,삼성공조,006660,51.81464816475276,13130,13655,12736
KOSPI,동아쏘시오홀딩스,000640,46.85942690439015,98500,102440,95545
KOSPI,삼영전자,005680,54.28234843081514,15750,16380,15277
KOSPI,한국화장품,123690,50.34532280185323,8840,9193,8574
KOSDAQ,대한광통신,010170,41.25133854506689,17700,18408,17169
KOSPI,TP,007980,51.99864988030678,2140,2225,2075
KOSDAQ,보성파워텍,006910,47.30484566897005,14350,14924,13919
KOSDAQ,제일일렉트릭,199820,47.51477555314592,20700,21528,20079
KOSDAQ,쏠리드,050890,50.43200077312139,18640,19385,18080
KOSDAQ,제주반도체,080220,48.68853719391423,56700,58968,54999
KOSDAQ,아주IB투자,027360,51.34462396641511,15460,16078,14996
KOSDAQ,퀄리타스반도체,432720,52.119856595735136,29500,30680,28615
KOSDAQ,티이엠씨,425040,51.781199966731116,19710,20498,19118
KOSDAQ,제룡전기,033100,46.19594636816156,91500,95160,88755
KOSDAQ,LS머트리얼즈,417200,52.79814413559405,30350,31564,29439
KOSDAQ,우리기술,032820,42.60203260082754,21550,22412,20903
KOSDAQ,테크윙,089030,48.28435277512845,61300,63752,59461
KOSDAQ,하나마이크론,067310,46.59373369831948,42050,43732,40788
KOSDAQ,아진엑스텍,059120,53.28940610262114,11580,12043,11232
KOSDAQ,PS일렉트로닉스,332570,52.85392019367835,10470,10888,10155
KOSDAQ,고영,098460,52.34536209798254,38950,40508,37781
KOSDAQ,LS마린솔루션,060370,50.16958284293687,49550,51532,48063
KOSDAQ,서진시스템,178320,48.741510161399134,61300,63752,59461
KOSDAQ,오이솔루션,138080,47.984982464135825,45050,46852,43698
KOSDAQ,미래반도체,254490,42.30728380626467,29250,30420,28372
KOSDAQ,원익홀딩스,030530,50.02127485193547,34600,35984,33562
KOSDAQ,미래에셋벤처투자,100790,52.54062760181423,52600,54704,51022
KOSDAQ,티씨머티리얼즈,125020,52.30555895676714,8750,9100,8487
KOSDAQ,성호전자,043260,47.33300400676551,43450,45188,42146
KOSDAQ,키스트론,475430,42.7057443573614,6980,7259,6770
KOSDAQ,레인보우로보틱스,277810,49.29292790216622,685000,712400,664450
KOSDAQ,에치에프알,230240,57.2489678889902,36600,38064,35502
KOSDAQ,오로스테크놀로지,322310,47.04992709960476,44850,46644,43504
KOSDAQ,지투파워,388050,47.95702216471723,16250,16900,15762
KOSDAQ,파워넷,037030,49.022638519384806,7440,7737,7216
KOSDAQ,RF머트리얼즈,327260,51.97059548164313,108600,112944,105342
KOSDAQ,에이비엘바이오,298380,46.80527230247292,132500,137800,128525
KOSDAQ,미코,059090,49.64219116868295,26100,27144,25317
KOSDAQ,덕산하이메탈,077360,49.95148658688364,19590,20373,19002
KOSDAQ,로보티즈,108490,54.742097882207354,313500,326040,304095
KOSDAQ,머큐리,100590,32.38678351401714,7410,7706,7187
KOSDAQ,유진테크,084370,48.052654675696786,132000,137280,128040
KOSDAQ,RFHIC,218410,46.9416773426936,98000,101920,95060
KOSDAQ,피노,033790,50.76536324701607,16130,16775,15646
KOSDAQ,오르비텍,046120,51.848031231774684,12320,12812,11950
KOSDAQ,한국피아이엠,448900,50.136874544573054,127900,133016,124063
KOSDAQ,센서뷰,321370,32.34537366186701,3565,3707,3458
KOSDAQ,삼천당제약,000250,52.63890139407263,409500,425880,397215
KOSDAQ,세아메카닉스,396300,52.553135243564775,6510,6770,6314
KOSDAQ,비츠로테크,042370,58.183776465998925,18280,19011,17731
KOSDAQ,네오셈,253590,47.710385001647225,18970,19728,18400
KOSDAQ,아이엠티,451220,50.93080127536449,17440,18137,16916
KOSDAQ,빛샘전자,072950,45.513758408440886,12970,13488,12580
KOSDAQ,SFA반도체,036540,52.444872521699914,8620,8964,8361
KOSDAQ,태웅,044490,49.80449380903159,58800,61152,57036
KOSDAQ,삼미금속,012210,48.120739211075055,15450,16068,14986
KOSDAQ,비나텍,126340,47.802903350416045,184700,192088,179159
KOSDAQ,현대바이오,048410,50.75073318809851,14400,14976,13968
KOSDAQ,KBI메탈,024840,42.7366855067509,6630,6895,6431
KOSDAQ,스피어,347700,44.14970629401104,41450,43108,40206
KOSDAQ,대주전자재료,078600,50.008686792329016,157500,163800,152775
KOSDAQ,한빛레이저,452190,40.90871090666439,8170,8496,7924
KOSDAQ,드림시큐리티,203650,52.45249324729018,2890,3005,2803
KOSDAQ,실리콘투,257720,46.39475239041874,43400,45136,42098
KOSDAQ,DSC인베스트먼트,241520,54.12151604304549,17260,17950,16742
KOSDAQ,태성,323280,52.34553114360412,75600,78624,73332
KOSDAQ,일진파워,094820,49.58778087484767,23200,24128,22504
KOSDAQ,해성옵틱스,076610,33.472533931513254,1885,1960,1828
KOSDAQ,비츠로셀,082920,46.05363808709192,57500,59800,55775
KOSDAQ,에스피지,058610,39.29018323422774,129200,134368,125324
KOSDAQ,이루온,065440,48.23721161528575,4055,4217,3933
KOSDAQ,코오롱티슈진,950160,52.001260361572186,104800,108992,101656
KOSDAQ,에스티아이,039440,47.52245200456283,40850,42484,39624
KOSDAQ,아이엘,307180,50.108458970204126,7730,8039,7498
KOSDAQ,비에이치아이,083650,47.28887962360463,99200,103168,96224
KOSDAQ,프로이천,321260,51.15317188940717,3230,3359,3133
KOSDAQ,흥구석유,024060,50.93998213256681,16890,17565,16383
KOSDAQ,동진쎄미켐,005290,51.676045660519286,58900,61256,57133
KOSDAQ,차백신연구소,261780,51.69938981068163,3355,3489,3254
KOSDAQ,자람테크놀로지,389020,53.06965456922077,57700,60008,55969
KOSDAQ,아이티센글로벌,124500,36.77265716409118,61900,64376,60043
KOSDAQ,와이제이링크,209640,53.73945146498432,8670,9016,8409
KOSDAQ,올릭스,226950,47.601724376094324,174200,181168,168974
KOSDAQ,피에스케이홀딩스,031980,53.90336030029391,132000,137280,128040
KOSDAQ,와이엠티,251370,57.04683900371917,20650,21476,20030
KOSDAQ,티엘비,356860,47.306114727642765,91900,95576,89143
KOSDAQ,에스앤에스텍,101490,48.715122529192755,100000,104000,97000
KOSDAQ,나우로보틱스,459510,50.976926097898065,30300,31512,29391
KOSDAQ,켐트로닉스,089010,52.57468261568579,38050,39572,36908
KOSDAQ,HLB,028300,48.73397787994378,60900,63336,59073
KOSDAQ,레이크머티리얼즈,281740,50.66630889335105,22850,23764,22164
KOSDAQ,펩트론,087010,41.044178996281694,267500,278200,259475
KOSDAQ,HB테크놀러지,078150,50.247772169157436,3095,3218,3002
KOSDAQ,재영솔루텍,049630,35.943014316729325,14850,15444,14404
KOSDAQ,헥토파이낸셜,234340,41.57424348306469,33800,35152,32786
KOSDAQ,에스넷,038680,50.80420531851493,4785,4976,4641
KOSDAQ,위너스일렉,479960,55.22440561320927,13850,14404,13434
KOSDAQ,로킷헬스케어,376900,52.65872763905946,71500,74360,69355
KOSDAQ,지앤비에스 에코,382800,53.12386181057509,8800,9152,8536
KOSDAQ,지투지바이오,456160,49.18258757178988,85200,88608,82644
KOSDAQ,한중엔시에스,107640,47.621526715849846,69900,72696,67803
KOSDAQ,루닛,328130,52.300944543580265,20800,21632,20176
KOSDAQ,인텔리안테크,189300,47.87463673130096,142000,147680,137740
KOSDAQ,세명전기,017510,51.04484970423775,15770,16400,15296
KOSDAQ,보로노이,310210,48.81986349700006,292000,303680,283240
KOSDAQ,아난티,025980,59.38696879451227,7640,7945,7410
KOSDAQ,엑스게이트,356680,43.64031488200426,15010,15610,14559
KOSDAQ,코데즈컴바인,047770,55.934073435580736,5280,5491,5121
KOSDAQ,케이엠더블유,032500,50.4135971623898,31650,32916,30700
KOSDAQ,우리넷,115440,46.96548558847886,15060,15662,14608
KOSDAQ,그린광학,0015G0,46.77609048155153,35050,36452,33998
KOSDAQ,쏘닉스,088280,49.36227289488562,7640,7945,7410
KOSDAQ,제룡산업,147830,46.91198635734221,12730,13239,12348
KOSDAQ,어보브반도체,102120,50.30874597253382,14570,15152,14132
KOSDAQ,에스티큐브,052020,53.114666067476236,19000,19760,18430
KOSDAQ,테스,095610,46.13690704534456,86700,90168,84099
KOSDAQ,와이씨,232140,46.51206153012926,22350,23244,21679
KOSDAQ,한라캐스트,125490,40.86544122441323,17090,17773,16577
KOSDAQ,케이엔에스,432470,43.790232781132694,14870,15464,14423
KOSDAQ,서울바이오시스,092190,45.3736885225169,11230,11679,10893
KOSDAQ,오름테라퓨틱,475830,47.130024979664285,93900,97656,91083
KOSDAQ,큐라클,365270,43.49934448173974,14950,15548,14501
KOSDAQ,파이버프로,368770,45.42145395164135,23850,24804,23134
KOSDAQ,티에스이,131290,49.65271124342689,167800,174512,162766
KOSDAQ,티에프이,425420,50.12205119122009,73200,76128,71004
KOSDAQ,코칩,126730,51.8344792718654,22000,22880,21340
KOSDAQ,메지온,140410,50.78397053011334,91200,94848,88464
KOSDAQ,디앤디파마텍,347850,46.61948249985604,74900,77896,72653
KOSDAQ,큐로셀,372320,52.77736956369286,56100,58344,54417
KOSDAQ,브이엠,089970,45.720514019321044,55900,58136,54223
KOSDAQ,디케이티,290550,51.602256084655664,26550,27612,25753
KOSDAQ,코세스,089890,49.49114749127327,50500,52520,48985
KOSDAQ,네패스아크,330860,48.41049380194361,38550,40092,37393
KOSDAQ,엘티씨,170920,51.02071184372188,47850,49764,46414
KOSDAQ,에이치엔에스하이텍,044990,48.16450819130549,20000,20800,19400
KOSDAQ,서전기전,189860,47.11344759936783,8900,9256,8633
KOSDAQ,대아티아이,045390,48.16944912492898,4810,5002,4665
KOSDAQ,위츠,459100,56.54409375154209,6900,7176,6693
KOSDAQ,선익시스템,171090,51.887225942229975,98500,102440,95545
KOSDAQ,아모텍,052710,44.79788608862295,24400,25376,23668
KOSDAQ,휴맥스홀딩스,028080,46.52364449095219,10010,10410,9709
KOSDAQ,유진로봇,056080,35.31788665355688,26900,27976,26093
KOSDAQ,엠디바이스,226590,53.16462148723742,29250,30420,28372
KOSDAQ,에이프릴바이오,397030,48.70472446150935,57700,60008,55969
KOSDAQ,쎄트렉아이,099320,40.223637807162596,168000,174720,162960
KOSDAQ,와이씨켐,112290,54.83212779929308,13620,14164,13211
KOSDAQ,LIG아큐버,073490,50.376006747582935,53000,55120,51410
KOSDAQ,나노엔텍,039860,51.656583051491126,6490,6749,6295
KOSDAQ,휴맥스,115160,48.16218584947009,8760,9110,8497
KOSDAQ,컴퍼니케이,307930,50.18812357368265,10660,11086,10340
KOSDAQ,동운아나텍,094170,58.802967382234904,48650,50596,47190
KOSDAQ,GST,083450,55.804259495809674,50100,52104,48597
KOSDAQ,타이거일렉,219130,50.7853344732434,52600,54704,51022
KOSDAQ,기가비스,420770,43.52576148932863,109500,113880,106215
KOSDAQ,폴라리스AI,039980,51.655005457322254,9200,9568,8924
KOSDAQ,큐에스아이,066310,51.943718172001226,15660,16286,15190
KOSDAQ,엘앤씨바이오,290650,47.2178409641745,62800,65312,60916
KOSDAQ,컨텍,451760,46.74257000345881,23150,24076,22455
KOSDAQ,뷰티스킨,406820,43.378337637866885,3145,3270,3050
KOSDAQ,샘씨엔에스,252990,51.17129447450344,14130,14695,13706
KOSDAQ,에이디테크놀로지,200710,52.385855403475226,54100,56264,52477
KOSDAQ,엠케이전자,033160,49.211290939709734,27500,28600,26675
KOSDAQ,에이치엠넥스,036170,48.82242665693717,7580,7883,7352
KOSDAQ,지엔씨에너지,119850,42.359305380841974,37050,38532,35938
KOSDAQ,SAMG엔터,419530,49.37400073524888,39500,41080,38315
KOSDAQ,인텍플러스,064290,52.10531651749355,31350,32604,30409
KOSDAQ,가온칩스,399720,48.26399653939475,73300,76232,71101
KOSDAQ,앱클론,174900,52.35875203694942,47250,49140,45832
KOSDAQ,엑시콘,092870,46.67811761600551,38450,39988,37296
KOSDAQ,아이씨티케이,456010,53.125578076591594,23550,24492,22843
KOSDAQ,한선엔지니어링,452280,52.14019865804056,20750,21580,20127
KOSDAQ,바이젠셀,308080,42.689266593733755,10330,10743,10020
KOSDAQ,에스에너지,095910,41.351261482969115,2670,2776,2589
KOSDAQ,이노스페이스,462350,34.060762541909014,17230,17919,16713
KOSDAQ,오픈엣지테크놀로지,394280,49.75030525015091,21800,22672,21146
KOSDAQ,씨엠티엑스,388210,37.784057031684334,140200,145808,135994
KOSDAQ,한국선재,025550,46.120744743630446,4630,4815,4491
KOSDAQ,라온시큐어,042510,51.11555151412942,13120,13644,12726
KOSDAQ,에스비비테크,389500,50.56267389773639,66300,68952,64311
KOSDAQ,네패스,033640,54.34829518386286,32950,34268,31961
KOSDAQ,제우스,079370,42.53802707164754,16900,17576,16393
KOSDAQ,동아엘텍,088130,52.14086615373413,11240,11689,10902
KOSDAQ,마이크로컨텍솔,098120,52.40374009922576,35950,37388,34871
KOSDAQ,코스텍시스,355150,45.682732675429364,51100,53144,49567
KOSDAQ,에스투더블유,488280,50.86735374600877,26250,27300,25462
KOSDAQ,오스코텍,039200,45.158659395104095,51400,53456,49858
KOSDAQ,싸이맥스,160980,52.00914884571628,37650,39156,36520
KOSDAQ,RF시스템즈,474610,48.633823361897804,14710,15298,14268
KOSDAQ,메디포스트,078160,53.282048510441605,25450,26468,24686
KOSDAQ,클로봇,466100,49.259595223508576,50800,52832,49276
KOSDAQ,에이치브이엠,295310,44.13860432320701,89600,93184,86912
KOSDAQ,지아이이노베이션,358570,47.92129128398776,15830,16463,15355
KOSDAQ,큐렉소,060280,49.971381662541994,16200,16848,15714
KOSDAQ,퓨쳐켐,220100,51.276906623073934,20400,21216,19788
KOSDAQ,에이프로,262260,39.473391657364736,10990,11429,10660
KOSDAQ,그린리소스,402490,49.14503299968411,20700,21528,20079
KOSDAQ,싸이토젠,217330,48.98435849502631,6160,6406,5975
KOSDAQ,노타,486990,43.66576441281732,34700,36088,33659
KOSDAQ,코위버,056360,45.25011433177506,10700,11128,10379
KOSDAQ,그래피,318060,49.19633202013492,32250,33540,31282
KOSDAQ,알멕,354320,52.092054552010644,97800,101712,94866
KOSDAQ,큐리옥스바이오시스템즈,445680,49.459040927110145,101200,105248,98164
KOSDAQ,제너셈,217190,42.58580823569922,9180,9547,8904
KOSDAQ,씨어스,458870,48.136255931173054,48800,50752,47336
KOSDAQ,이노테크,469610,51.546763196862486,24400,25376,23668
KOSDAQ,아모센스,357580,46.55883839977732,23450,24388,22746
KOSDAQ,나노신소재,121600,51.686454498197755,84500,87880,81965
KOSDAQ,서부T&D,006730,46.17040605660628,14960,15558,14511
KOSDAQ,이엔에프테크놀로지,102710,49.35643813269785,57900,60216,56163
KOSDAQ,진성티이씨,036890,53.455292385315644,19290,20061,18711
KOSDAQ,네이처셀,007390,57.36629827563944,20400,21216,19788
KOSDAQ,금양그린파워,282720,48.75017994525804,16420,17076,15927
KOSDAQ,와이지-원,019210,45.128479149625335,15990,16629,15510
KOSDAQ,오로라,039830,48.766962148526275,18200,18928,17654
KOSDAQ,에너토크,019990,52.403520059665645,10970,11408,10640
KOSDAQ,아모그린텍,125210,54.81809722847439,14930,15527,14482
KOSDAQ,제이에스링크,127120,31.802943019761067,44100,45864,42777
KOSDAQ,필옵틱스,161580,47.909919734846795,48650,50596,47190
KOSDAQ,태광,023160,49.111404476812645,46000,47840,44620
KOSDAQ,엔켐,348370,49.244306498642665,45150,46956,43795
KOSDAQ,다날,064260,42.90411660813683,7430,7727,7207
KOSDAQ,저스템,417840,58.84655004250029,12850,13364,12464
KOSDAQ,신흥에스이씨,243840,51.90466364479607,10560,10982,10243
KOSDAQ,삼현,437730,35.95790422559174,53500,55640,51895
KOSDAQ,천보,278280,47.028980309172674,65600,68224,63632
KOSDAQ,케이에스피,073010,38.467234392312236,6190,6437,6004
KOSDAQ,빅텍,065450,48.99561778912722,5770,6000,5596
KOSDAQ,상신이디피,091580,46.70327675007674,27100,28184,26287
KOSDAQ,성광벤드,014620,49.94269769385182,46500,48360,45105
KOSDAQ,슈어소프트테크,298830,50.55503545786697,7790,8101,7556
KOSDAQ,피앤씨테크,237750,40.25040788305184,6910,7186,6702
KOSDAQ,에스엔시스,0008Z0,54.96432037870446,40150,41756,38945
KOSDAQ,엠플러스,259630,53.21099807799311,18060,18782,17518
KOSDAQ,에이엘티,172670,60.06648036737015,19730,20519,19138
KOSDAQ,루미르,474170,51.10862271034963,16270,16920,15781
KOSDAQ,한컴위드,054920,49.58475006649081,6980,7259,6770
KOSDAQ,SV인베스트먼트,289080,51.196530104165404,4280,4451,4151
KOSDAQ,유니셈,036200,49.94523025247417,12170,12656,11804
KOSDAQ,케이엔솔,053080,51.674200811749,14580,15163,14142
KOSDAQ,나우IB,293580,50.21592715413499,2685,2792,2604
KOSDAQ,큐리언트,115180,53.31413525013613,34950,36348,33901
KOSDAQ,LS증권,078020,52.336972170866794,8290,8621,8041
KOSDAQ,에코프로에이치엔,383310,38.67760587980488,32850,34164,31864
KOSDAQ,NHN KCP,060250,38.05295105847702,20050,20852,19448
KOSDAQ,세림B&G,340440,53.06402893267723,2355,2449,2284
KOSDAQ,글로벌텍스프리,204620,54.660487442196626,5940,6177,5761
KOSDAQ,씨메스로보틱스,475400,42.399186965970046,35900,37336,34823
KOSDAQ,코윈테크,282880,46.0992912300273,17730,18439,17198
KOSDAQ,인화정공,101930,44.278493659830765,15140,15745,14685
KOSDAQ,모티브링크,463480,49.61435944843892,9100,9464,8827
KOSDAQ,한양디지텍,078350,48.622530542393285,32200,33488,31234
KOSDAQ,강원에너지,114190,48.82874629301902,16200,16848,15714
KOSDAQ,에이팩트,200470,51.71292474082363,8880,9235,8613
KOSDAQ,오킨스전자,080580,47.36637126972772,23550,24492,22843
KOSDAQ,덕산테코피아,317330,52.78335988591466,25100,26104,24347
KOSDAQ,우리기술투자,041190,45.756875991609554,6740,7009,6537
KOSDAQ,LB세미콘,061970,53.440194341641956,5480,5699,5315
KOSDAQ,케어젠,214370,53.964740884804485,105400,109616,102238
KOSDAQ,토모큐브,475960,51.6992556913886,58600,60944,56842
KOSDAQ,AP위성,211270,46.765277899878456,17490,18189,16965
KOSDAQ,디아이티,110990,53.17496177378666,25550,26572,24783
KOSDAQ,티로보틱스,117730,37.25865264966922,22650,23556,21970
KOSDAQ,유니테스트,086390,45.26566153550093,19400,20176,18818
KOSDAQ,켄코아에어로스페이스,274090,44.841686065710164,21950,22828,21291
KOSDAQ,뉴엔AI,463020,47.22718906231381,15180,15787,14724
KOSDAQ,아톤,158430,49.92354856173187,8180,8507,7934
KOSDAQ,아스플로,159010,52.95267625437984,10920,11356,10592
KOSDAQ,성일하이텍,365340,46.4410737694915,79800,82992,77406
KOSDAQ,에스디시스템,121890,48.647469570455996,2325,2418,2255
KOSDAQ,나무기술,242040,49.60215343258479,5000,5200,4850
KOSDAQ,엑사이엔씨,054940,56.43372379547571,865,899,839
KOSDAQ,하이젠알앤엠,160190,44.13975117329198,45400,47216,44038
KOSDAQ,그리드위즈,453450,49.20727801732585,25200,26208,24444
KOSDAQ,금강철강,053260,49.57273309039173,6810,7082,6605
KOSDAQ,티케이케미칼,104480,53.31571447195619,2630,2735,2551
KOSDAQ,프로텍,053610,48.96395598343597,82300,85592,79831
KOSDAQ,한솔아이원스,114810,52.780114719617075,17320,18012,16800
KOSDAQ,다원넥스뷰,323350,53.60055516646249,13700,14248,13289
KOSDAQ,라온텍,418420,52.56174649942691,7280,7571,7061
KOSDAQ,범한퓨얼셀,382900,43.293939587031936,35900,37336,34823
KOSDAQ,선광,003100,46.47359463487521,27550,28652,26723
KOSDAQ,오가닉티코스메틱,900300,47.872213366579025,205,213,198
KOSDAQ,에이치피오,357230,39.28799340692793,2900,3016,2813
KOSDAQ,한라IMS,092460,50.16955063008645,19610,20394,19021
KOSDAQ,차바이오텍,085660,40.67542361635481,16900,17576,16393
KOSDAQ,뉴파워프라즈마,144960,45.681541367561984,7070,7352,6857
KOSDAQ,유일로보틱스,388720,45.73519857245747,104000,108160,100880
KOSDAQ,온코닉테라퓨틱스,476060,50.06207972231675,21500,22360,20855
KOSDAQ,이랜텍,054210,52.354505758266015,13210,13738,12813
KOSDAQ,큐알티,405100,47.49848401147776,22450,23348,21776
KOSDAQ,옴니시스템,057540,41.59253436891391,1011,1051,980
KOSDAQ,폴라리스오피스,041020,53.2464855772286,4815,5007,4670
KOSDAQ,폴라리스AI파마,041910,48.634363829442385,7340,7633,7119
KOSDAQ,웨이비스,289930,51.85054254955796,21900,22776,21243
KOSDAQ,로보로보,215100,49.153019475553165,7700,8008,7469
KOSDAQ,피에스텍,002230,52.14825910376525,10750,11180,10427
KOSDAQ,에이스테크,088800,45.29334509499185,4995,5194,4845
KOSDAQ,제노코,361390,35.89785249726649,30200,31408,29294
KOSDAQ,와이엠텍,273640,49.63284587656644,12250,12740,11882
KOSDAQ,로보스타,090360,39.21192815604695,71600,74464,69452
KOSDAQ,성우하이텍,015750,48.43540109177407,9050,9412,8778
KOSDAQ,아비코전자,036010,40.628158513750904,12180,12667,11814
KOSDAQ,나노,187790,55.37143934789269,6360,6614,6169
KOSDAQ,나인테크,267320,52.87172650524493,3500,3640,3395
KOSDAQ,액트로,290740,49.07545210113112,18100,18824,17557
KOSDAQ,에이직랜드,445090,47.824262301380685,31700,32968,30749
KOSDAQ,칩스앤미디어,094360,51.35903365061871,19040,19801,18468
KOSDAQ,아이쓰리시스템,214430,46.02993484875258,105800,110032,102626
KOSDAQ,성도이엔지,037350,50.03490308588906,13260,13790,12862
KOSDAQ,에프에스티,036810,49.18695359952845,43700,45448,42389
KOSDAQ,신성델타테크,065350,45.164028233028276,58000,60320,56260
KOSDAQ,한텍,098070,53.22885277181364,46150,47996,44765
KOSDAQ,에임드바이오,0009K0,44.58852337177386,46700,48568,45299
KOSDAQ,한일사료,005860,48.2963152668699,3950,4108,3831
KOSDAQ,필에너지,378340,52.65748192200906,20300,21112,19691
KOSDAQ,라온로보틱스,232680,52.964198471490874,17210,17898,16693
KOSDAQ,파인엠텍,441270,48.815985251651796,10940,11377,10611
KOSDAQ,하이록코리아,013030,44.36430940539005,46150,47996,44765
KOSDAQ,스맥,099440,46.33585342918999,4305,4477,4175
KOSDAQ,케이씨에스,115500,52.3918196468797,16000,16640,15520
KOSDAQ,툴젠,199800,49.247242975144395,92500,96200,89725
KOSDAQ,한스바이오메드,042520,51.7855516430625,29850,31044,28954
KOSDAQ,SG,255220,39.61250969970119,2590,2693,2512
KOSDAQ,우진엔텍,457550,41.76472029452204,28200,29328,27354
KOSDAQ,씨앤지하이테크,264660,52.85495371713756,22600,23504,21922
KOSDAQ,에스오에스랩,464080,43.49927472989803,16850,17524,16344
KOSDAQ,큐리오시스,494120,58.37333125309052,50100,52104,48597
KOSDAQ,원익피앤이,217820,49.50049767745224,4225,4394,4098
KOSDAQ,에코플라스틱,038110,51.796027944481835,3630,3775,3521
KOSDAQ,기산텔레콤,035460,43.63340985681947,3890,4045,3773
KOSDAQ,티움바이오,321550,52.75481926141094,12550,13052,12173
KOSDAQ,네오티스,085910,45.96650316830343,27100,28184,26287
KOSDAQ,SKAI,357880,49.70704212494962,3175,3302,3079
KOSDAQ,에스에이엠티,031330,50.66920976337379,7390,7685,7168
KOSDAQ,이지홀딩스,035810,50.50699590423867,5720,5948,5548
KOSDAQ,티엑스알로보틱스,484810,41.09759539453531,19830,20623,19235
KOSDAQ,삼지전자,037460,50.119017807291534,34250,35620,33222
KOSDAQ,핑거,163730,50.69234010369902,20250,21060,19642
KOSDAQ,좋은사람들,033340,51.72710958213095,1740,1809,1687
KOSDAQ,셀비온,308430,51.28782642536388,35950,37388,34871
KOSDAQ,아진산업,013310,50.578964026648,3845,3998,3729
KOSDAQ,JTC,950170,45.74743403907843,4970,5168,4820
KOSDAQ,서남,294630,53.34614087118015,4670,4856,4529
KOSDAQ,오픈베이스,049480,53.980667483349684,3310,3442,3210
KOSDAQ,코스메카코리아,241710,43.10362717896717,79400,82576,77018
KOSDAQ,웨이브일렉트로,095270,47.920434894365414,9290,9661,9011
KOSDAQ,케이엔제이,272110,48.15198116254026,41100,42744,39867
KOSDAQ,강스템바이오텍,217730,48.521051352790046,3970,4128,3850
KOSDAQ,코츠테크놀로지,448710,51.60078829612983,22300,23192,21631
KOSDAQ,링네트,042500,35.96997608091751,5930,6167,5752
KOSDAQ,이랜시스,264850,41.13894860926638,6440,6697,6246
KOSDAQ,알에스오토메이션,140670,37.040884829124614,16880,17555,16373
KOSDAQ,셀트리온제약,068760,40.034586572372746,55600,57824,53932
KOSDAQ,우원개발,046940,50.50976853222653,6100,6344,5917
KOSDAQ,지아이에스,306620,41.17726294935466,3410,3546,3307
KOSDAQ,에프앤가이드,064850,37.367030434960455,29050,30212,28178
KOSDAQ,아바코,083930,51.58877354114926,15930,16567,15452
KOSDAQ,다산네트웍스,039560,43.530148104220785,5020,5220,4869
KOSDAQ,펨트론,168360,48.983152999731836,25950,26988,25171
KOSDAQ,KH바텍,060720,45.71318875622002,14080,14643,13657
KOSDAQ,사피엔반도체,452430,54.876260042099204,43800,45552,42486
KOSDAQ,AP시스템,265520,57.24576999591542,26050,27092,25268
KOSDAQ,멀티캠퍼스,067280,31.438703034221994,27700,28808,26869
KOSDAQ,라온피플,300120,57.261781477525766,1100,1144,1067
KOSDAQ,브이티,018290,50.39596617281816,16730,17399,16228
KOSDAQ,유니슨,018000,48.347564631663595,1309,1361,1269
KOSDAQ,원익머트리얼즈,104830,47.8129882658137,53900,56056,52283
KOSDAQ,인벤티지랩,389470,36.04899371220016,63300,65832,61401
KOSDAQ,한양이엔지,045100,55.818542987322836,32500,33800,31525
KOSDAQ,예스티,122640,50.90619632386195,27750,28860,26917
KOSDAQ,동성화인텍,033500,41.47985093759189,29250,30420,28372
KOSDAQ,상아프론테크,089980,48.66860157913282,28050,29172,27208
KOSDAQ,유비쿼스,264450,51.57262161232211,15600,16224,15132
KOSDAQ,다이나믹솔루션,290660,35.44077266646958,1159,1205,1124
KOSDAQ,제닉,123330,39.73791778990129,27950,29068,27111
KOSDAQ,레이저쎌,412350,45.908593001250054,7660,7966,7430
KOSDAQ,중앙첨단소재,051980,50.945904380647534,1906,1982,1848
KOSDAQ,대창솔루션,096350,50.36185355815497,3100,3224,3007
KOSDAQ,신라젠,215600,34.07410103418036,3390,3525,3288
KOSDAQ,오파스넷,173130,50.083518753251674,8170,8496,7924
KOSDAQ,현대힘스,460930,49.64577234690354,20100,20904,19497
KOSDAQ,젬백스,082270,51.60921317666172,23300,24232,22601
KOSDAQ,디케이앤디,263020,55.08107943517489,3635,3780,3525
KOSDAQ,코나아이,052400,49.28627253660883,55700,57928,54029
KOSDAQ,공구우먼,366030,53.38137020818687,6830,7103,6625
KOSDAQ,링크솔루션,474650,45.432406805715765,59400,61776,57618
KOSDAQ,팜스토리,027710,49.91959783635508,1438,1495,1394
KOSDAQ,모비스,250060,51.5473909182051,4820,5012,4675
KOSDAQ,제닉스로보틱스,381620,32.7065775917378,10070,10472,9767
KOSDAQ,에스바이오메딕스,304360,47.80613784317701,36150,37596,35065
KOSDAQ,셀바스AI,108860,46.011455844752255,13040,13561,12648
KOSDAQ,삼영엠텍,054540,53.79785441207721,13320,13852,12920
KOSDAQ,엘오티베큠,083310,54.37108938616071,16100,16744,15617
KOSDAQ,씨젠,096530,48.9970055174117,24500,25480,23765
KOSDAQ,와이지엔터테인먼트,122870,47.49810350299807,53500,55640,51895
KOSDAQ,엘케이켐,489500,40.76477645719698,35150,36556,34095
KOSDAQ,에이럭스,475580,52.01281245094063,12530,13031,12154
KOSDAQ,뷰노,338220,46.68256272215951,17250,17940,16732
KOSDAQ,해성에어로보틱스,059270,50.12455108876481,9770,10160,9476
KOSDAQ,프로티나,468530,47.456077563082815,55200,57408,53544
KOSDAQ,유바이오로직스,206650,44.16850269785936,12710,13218,12328
KOSDAQ,제이오,418550,51.833152256645576,11690,12157,11339
KOSDAQ,대동기어,008830,43.48534468021634,20600,21424,19982
KOSDAQ,동양이엔피,079960,45.871501544798065,35600,37024,34532
KOSDAQ,알체라,347860,51.501934936981584,2525,2626,2449
KOSDAQ,케이프,064820,44.49618011089228,15880,16515,15403
KOSDAQ,인투셀,287840,47.00867688183839,35650,37076,34580
KOSDAQ,인터플렉스,051370,49.68616617242846,13260,13790,12862
KOSDAQ,가온그룹,078890,52.25674662171789,6930,7207,6722
KOSDAQ,삼양엔씨켐,482630,45.568785666605066,19720,20508,19128
KOSDAQ,대성하이텍,129920,44.155380847595815,10600,11024,10282
KOSDAQ,제이앤티씨,204270,51.09121917008784,19100,19864,18527
KOSDAQ,뉴로핏,380550,37.38311166633349,19930,20727,19332
KOSDAQ,위메이드,112040,50.98226223365282,24400,25376,23668
KOSDAQ,일승,333430,49.25434875714396,6220,6468,6033
KOSDAQ,월덱스,101160,47.73182081050888,33200,34528,32204
KOSDAQ,메디톡스,086900,48.80398098778886,105500,109720,102335
KOSDAQ,하이비젼시스템,126700,49.99102908720995,18360,19094,17809
KOSDAQ,비트맥스,377030,54.790816295271114,2905,3021,2817
KOSDAQ,지놈앤컴퍼니,314130,52.09906994755609,7340,7633,7119
KOSDAQ,우림피티에스,101170,42.79335488500114,14630,15215,14191
KOSDAQ,시노펙스,025320,45.368733016987846,6030,6271,5849
KOSDAQ,퓨릿,445180,60.00575523029676,12380,12875,12008
KOSDAQ,바이오스마트,038460,31.963501480159824,4545,4726,4408
KOSDAQ,노바텍,285490,43.5196241914552,24000,24960,23280
KOSDAQ,모트렉스,118990,47.196545824694766,9200,9568,8924
KOSDAQ,씨에스베어링,297090,52.95847908702528,8800,9152,8536
KOSDAQ,대명에너지,389260,57.69374096947484,23900,24856,23183
KOSDAQ,제이아이테크,417500,46.20105935945645,4805,4997,4660
KOSDAQ,티앤엘,340570,49.802827434863886,61500,63960,59655
KOSDAQ,피아이이,452450,53.211218163543286,6920,7196,6712
KOSDAQ,하나기술,299030,52.90885875947937,31150,32396,30215
KOSDAQ,푸른기술,094940,50.07769538081055,10500,10920,10185
KOSDAQ,더블유에스아이,299170,38.11721577270948,2320,2412,2250
KOSDAQ,지니너스,389030,49.55780312255569,4880,5075,4733
KOSDAQ,휴온스글로벌,084110,51.00445812635146,62000,64480,60140
KOSDAQ,LK삼양,225190,47.92278475891667,2190,2277,2124
KOSDAQ,APS이노베이션,079810,52.5292129043079,6530,6791,6334
KOSDAQ,새로닉스,042600,52.67011038000354,21600,22464,20952
KOSDAQ,지씨지놈,340450,51.866374617015886,8270,8600,8021
KOSDAQ,바이오솔루션,086820,52.29486261540126,11410,11866,11067
KOSDAQ,모아데이타,288980,51.56620779619993,1210,1258,1173
KOSDAQ,녹십자웰빙,234690,51.331182908626424,12690,13197,12309
KOSDAQ,갤럭시아머니트리,094480,45.1357621390172,8780,9131,8516
KOSDAQ,포바이포,389140,51.934564257774284,9170,9536,8894
KOSDAQ,와이바이오로직스,338840,50.48246946419268,21700,22568,21049
KOSDAQ,메가터치,446540,47.8551408714208,7390,7685,7168
KOSDAQ,BGF에코머티리얼즈,126600,53.71657009543034,4250,4420,4122
KOSDAQ,나노팀,417010,48.786191149916746,11300,11752,10961
KOSDAQ,넥스트칩,396270,51.364161906079275,5080,5283,4927
KOSDAQ,테라뷰,950250,47.030893372175484,6650,6916,6450
KOSDAQ,심플랫폼,444530,54.03355381793185,10320,10732,10010
KOSDAQ,아이즈비전,031310,39.118050994170595,1723,1791,1671
KOSDAQ,아이에스티이,212710,47.74017368194535,9620,10004,9331
KOSDAQ,GRT,900290,50.92022212432664,4100,4264,3977
KOSDAQ,아바텍,149950,50.79844531508486,13900,14456,13483
KOSDAQ,다우데이타,032190,46.98389748742354,23850,24804,23134
KOSDAQ,쓰리빌리언,394800,47.62347712214876,13130,13655,12736
KOSDAQ,아이티센피엔에스,232830,49.08728077188071,4615,4799,4476
KOSDAQ,성우,458650,48.94419083781233,14120,14684,13696
KOSDAQ,삼양컴텍,484590,49.34285173838093,12930,13447,12542
KOSDAQ,아나패스,123860,52.751229088873174,17990,18709,17450
KOSDAQ,스튜디오미르,408900,51.33566354219161,2610,2714,2531
KOSDAQ,HLB테라퓨틱스,115450,48.38336359656383,3645,3790,3535
KOSDAQ,아스트,067390,51.2252627581369,796,827,772
KOSDAQ,현대에버다임,041440,37.62729600800082,9320,9692,9040
KOSDAQ,셀레믹스,331920,40.0937242537589,14250,14820,13822
KOSDAQ,펌텍코리아,251970,45.04443899463745,42600,44304,41322
KOSDAQ,마녀공장,439090,55.074422696996514,15780,16411,15306
KOSDAQ,대주산업,003310,38.011014273123216,3440,3577,3336
